ID,SchoolID,Q1_1,Q1_2,Q1_3,Q1_4,Q1_5,Q1_6,Q1_7,Q1_8,Q1_9,Q1_10,Q1_11,Q1_12,Q1_13,Q1_14,Q1_15,Q1_16,Q1_17,Q1_18,Q1_19,Q1_20,Q1_21,Q2_1,Q2_2,Q2_3,Q2_4,Q2_5,Q2_6,Q2_7,Q2_8,Q2_9,Q2_10,Q2_11,Q2_12,Q2_13,Q2_14,Q2_15,Q2_16,Q2_17,Q2_18,Q2_19,Q2_20,Q2_21,drink,smoke,school_M,age
23,31330490,0,1,2,0,1,0,1,1,1,0,0,1,0,3,1,0,1,0,0,0,1,1,0,0,1,1,0,0,1,0,1,0,0,0,0,0,0,1,0,0,0,2,1,1,3,18
30,31330490,1,0,0,0,1,0,1,0,0,0,1,0,1,0,0,0,1,0,0,0,0,0,0,0,1,0,0,0,1,0,0,0,0,0,0,0,0,0,1,0,0,0,1,1,1,18
35,10610190,0,0,0,1,1,0,0,1,1,1,0,0,0,0,0,0,0,0,0,0,0,0,0,0,0,0,1,0,0,0,0,0,0,0,0,0,0,0,0,0,0,0,1,1,4,10
41,10610190,0,0,0,0,0,0,0,0,0,0,1,0,0,0,0,0,0,0,0,0,2,0,0,0,0,0,0,0,0,0,0,0,0,0,0,0,0,0,0,0,0,1,1,1,4,10
57,10610190,2,2,2,2,0,2,1,1,2,2,2,1,0,2,2,1,1,0,1,1,3,1,3,2,1,2,0,1,3,2,0,1,2,1,2,3,0,1,1,2,9,9,2,1,2,10
61,10610190,0,0,0,0,0,0,0,0,0,0,0,0,0,0,0,0,0,1,0,0,0,0,0,1,0,0,0,1,0,0,0,0,0,0,0,0,0,0,0,0,0,2,2,1,4,10
79,11110786,0,0,0,0,1,1,1,1,0,1,1,1,1,1,1,0,1,1,0,0,0,0,0,0,9,1,0,0,1,1,0,0,0,0,0,0,0,0,0,0,0,0,1,1,4,12
86,11110786,0,0,0,0,0,0,0,0,0,0,1,0,0,0,0,0,1,0,0,0,0,0,0,0,0,0,0,0,0,0,0,0,0,0,0,0,0,0,0,0,0,1,1,1,4,12
95,11010503,0,0,0,2,0,0,0,0,1,3,1,0,0,0,0,1,2,0,1,0,0,1,0,1,0,0,2,2,1,0,0,0,0,0,0,0,0,0,1,0,1,3,4,1,4,11
102,11010503,0,0,0,0,0,0,0,0,0,0,1,0,1,0,0,0,0,0,1,0,0,0,1,0,0,0,0,0,1,1,0,0,0,0,0,0,0,0,0,0,0,1,1,1,4,11
103,11010503,1,1,0,1,1,1,0,0,1,0,1,0,0,1,0,0,1,0,0,0,2,0,0,0,0,1,0,0,1,1,0,0,0,0,1,0,0,0,0,0,0,1,1,1,3,11
118,11010503,1,1,0,1,0,0,0,0,1,0,0,0,1,0,0,1,0,1,0,0,3,0,0,0,0,1,0,1,1,1,0,0,0,1,0,1,0,0,0,0,0,0,1,1,3,11
131,20320141,0,2,2,1,0,1,1,1,1,1,1,1,0,0,0,0,1,0,0,0,0,0,0,0,1,1,0,0,1,1,1,0,0,0,0,0,0,1,1,0,0,1,1,1,3,13
132,20320141,0,0,0,1,0,0,0,0,0,0,0,0,1,1,0,0,1,1,1,1,0,0,0,1,1,1,1,1,0,1,0,0,0,0,0,0,0,0,1,0,0,1,3,4,4,13
137,20320141,0,0,1,3,0,2,1,1,0,0,1,1,0,1,1,0,1,0,0,2,0,1,1,2,1,0,0,1,2,0,1,1,2,0,1,3,2,1,1,0,0,2,1,2,4,13
141,20320141,0,0,0,0,0,0,0,0,0,0,0,0,0,0,0,0,0,0,0,0,0,1,0,0,0,0,1,1,1,0,1,0,0,0,0,0,0,0,0,0,0,0,2,4,3,13
153,20320141,0,0,0,1,0,0,1,0,0,0,0,0,1,0,0,0,1,0,0,0,1,0,0,0,0,1,1,0,1,1,0,0,0,0,0,0,0,0,0,0,0,1,2,1,3,13
164,10310174,2,0,0,1,1,0,2,3,2,1,3,0,1,2,1,3,1,1,0,2,0,1,3,0,2,1,1,0,1,2,0,1,0,1,1,1,0,1,0,0,0,0,2,1,4,10
166,10310174,0,0,0,2,0,1,0,0,0,0,1,0,0,0,0,0,1,0,0,0,0,0,1,1,0,1,0,0,1,1,0,0,0,0,0,0,0,2,2,0,0,0,2,1,3,10
181,10310174,0,1,0,1,1,0,1,1,1,1,1,1,1,1,1,1,1,1,2,1,0,1,1,1,1,1,0,1,1,0,0,0,1,0,0,1,0,1,0,0,1,3,1,1,3,10
207,10310445,0,0,0,0,0,0,0,0,0,0,0,0,0,0,0,1,0,0,1,0,0,0,0,0,0,0,0,0,0,0,0,0,0,0,0,0,0,0,0,0,0,1,1,1,3,11
208,10310445,0,0,0,0,0,0,0,0,0,0,1,0,0,0,0,0,0,0,1,0,0,0,0,0,0,0,0,0,0,0,0,0,0,0,0,0,0,0,1,0,0,0,1,1,4,11
214,11110508,1,0,0,0,1,1,0,1,1,0,1,1,1,0,0,0,0,0,0,1,0,0,1,2,1,1,0,1,0,1,0,0,0,0,0,0,0,1,1,0,1,1,1,1,4,11
216,11110508,0,0,0,0,0,0,0,0,0,0,0,0,0,0,0,0,0,0,0,0,0,0,0,0,0,0,0,0,0,0,0,0,0,0,0,0,0,0,0,0,0,0,2,1,4,11
225,11110508,0,1,0,0,0,0,0,0,0,0,0,1,1,0,0,0,0,0,0,0,0,0,0,0,0,0,0,0,0,0,0,0,0,0,0,0,0,0,0,0,0,0,1,1,3,11
228,11110508,0,0,0,0,0,0,0,0,0,0,0,0,0,0,0,0,0,0,0,0,0,0,0,0,0,0,1,0,0,1,0,0,0,0,0,0,0,0,0,0,0,1,1,1,4,11
258,11110789,0,0,0,0,0,0,0,0,0,0,0,0,1,0,0,0,0,0,0,0,0,0,0,0,0,0,0,0,0,0,0,0,0,0,0,0,0,0,1,0,1,2,1,1,4,12
263,11110789,0,2,0,0,0,0,0,0,0,0,0,1,1,0,0,0,0,0,0,0,3,1,0,0,0,0,1,0,0,0,0,0,0,0,0,0,0,0,0,0,0,1,2,2,3,12
284,11310252,0,0,0,0,0,0,0,0,0,0,0,0,0,0,0,0,0,0,0,0,0,0,0,0,0,0,0,0,0,1,0,0,0,0,0,0,0,0,0,0,0,0,1,1,4,10
298,21320425,0,0,0,1,0,0,1,0,1,0,0,0,1,1,0,0,1,0,0,0,0,0,0,0,1,0,0,0,0,0,0,0,0,0,0,0,0,0,0,0,0,0,1,1,3,14
309,21320425,0,1,2,0,0,1,2,2,0,1,1,0,1,2,0,2,1,1,0,1,0,2,2,0,1,2,2,0,0,2,0,0,2,0,1,0,0,1,2,0,0,2,1,1,4,14
312,21320425,0,0,0,0,0,0,1,0,0,0,1,1,0,1,0,0,1,0,0,0,0,0,0,1,0,1,1,1,1,0,1,0,0,0,0,0,0,0,0,0,0,1,1,1,4,14
352,21320638,0,0,0,2,0,0,1,1,0,0,1,0,1,0,1,0,2,2,0,0,0,0,0,1,1,0,0,0,1,0,0,0,0,0,0,0,0,1,0,0,0,0,4,1,3,15
383,21120188,0,0,0,0,0,0,0,0,0,0,1,0,0,0,0,0,0,0,0,0,1,0,0,0,0,0,0,0,0,0,0,0,0,0,0,0,0,0,0,0,0,0,1,1,4,13
389,21120188,0,0,0,1,1,1,0,0,0,0,1,0,0,0,1,1,1,0,0,0,0,0,0,0,1,1,0,1,1,0,1,0,0,1,0,0,0,0,0,0,0,0,2,4,2,13
399,21120188,0,1,0,2,0,0,0,1,0,0,1,0,1,1,0,0,1,1,0,0,0,0,1,1,0,1,0,1,1,0,0,0,0,0,0,0,0,0,0,0,0,2,1,1,4,13
417,11110239,0,0,0,0,0,0,0,0,0,0,1,0,1,0,0,0,0,0,0,0,0,0,0,0,0,0,0,0,0,1,0,1,0,0,0,0,0,1,0,0,0,1,2,1,4,10
461,21020627,0,1,0,0,0,0,1,0,1,0,1,0,0,1,0,0,0,0,0,0,0,0,0,0,0,0,0,1,1,1,1,0,0,0,0,0,0,0,0,0,0,2,1,1,4,15
474,11110507,0,0,0,1,0,0,0,0,1,1,2,0,0,2,0,0,0,0,1,0,0,0,1,0,0,0,1,2,1,0,0,0,0,0,0,0,0,0,2,0,0,0,2,1,4,11
478,11110507,0,0,1,0,0,1,0,0,1,0,0,0,0,0,0,0,0,0,1,1,0,0,1,0,1,1,0,2,1,0,0,0,0,1,0,0,0,0,0,0,0,0,1,1,4,11
479,11110507,1,0,0,0,1,0,0,1,1,0,0,1,0,1,0,1,0,0,1,0,0,0,0,1,0,2,1,0,1,0,1,0,0,0,0,0,0,0,1,0,1,1,1,1,3,11
485,11110507,0,0,0,0,0,0,0,0,0,0,0,0,0,0,0,0,0,0,0,0,0,0,0,0,0,0,0,1,0,2,0,0,0,0,0,0,0,0,0,0,0,1,1,1,4,11
486,11110507,0,0,0,0,0,0,0,0,0,0,0,0,0,0,0,0,0,0,1,0,0,0,0,0,0,0,1,0,0,0,0,0,0,0,0,0,0,0,1,0,0,0,1,1,4,11
489,11110507,1,1,0,1,1,1,0,1,2,0,1,1,0,0,0,1,1,2,0,0,0,1,1,1,0,2,1,0,0,1,1,0,1,0,1,0,1,1,0,0,0,3,1,1,2,11
491,11110507,0,0,3,0,1,1,0,0,1,3,3,0,3,0,2,2,0,3,0,1,0,2,2,1,1,3,1,2,3,0,1,0,0,1,1,0,2,3,0,0,0,3,1,1,4,11
520,11310801,1,0,0,2,0,0,0,0,1,0,2,1,2,0,0,0,1,0,0,0,0,1,1,1,0,2,0,0,2,0,2,0,0,0,0,0,1,1,1,0,0,2,1,1,4,12
522,11310801,0,0,0,0,0,0,0,0,0,0,1,0,1,0,0,1,1,0,0,1,0,1,0,0,0,0,1,0,0,0,0,0,0,0,0,0,0,0,0,0,0,0,1,1,3,12
529,40340248,1,0,0,0,2,2,1,1,1,0,1,0,0,0,0,0,1,0,2,0,0,0,1,0,0,1,2,2,1,1,0,0,0,0,0,0,0,0,0,0,0,3,2,3,2,18
534,40340248,0,1,1,0,0,1,1,1,0,0,1,0,1,1,1,0,1,0,0,1,1,1,0,0,0,1,0,1,1,1,0,0,0,0,0,0,0,1,1,0,1,1,1,1,3,18
535,40340248,1,0,2,1,0,0,1,1,0,0,1,1,2,0,0,0,1,0,0,0,0,0,0,0,0,0,1,0,0,0,0,0,0,0,0,0,0,0,0,0,0,0,1,1,2,18
540,40340248,1,1,0,2,1,1,0,1,0,0,2,0,1,1,0,1,1,0,0,1,0,1,0,1,0,0,1,1,1,1,0,0,0,0,0,0,0,0,2,0,1,2,2,4,3,18
541,40340248,1,0,0,1,1,0,0,1,1,1,0,0,0,1,0,1,1,0,0,0,0,0,0,0,0,1,1,1,0,1,1,0,0,0,1,0,0,0,1,0,0,1,4,1,3,18
542,40340248,0,1,0,0,0,1,1,1,1,0,0,0,0,1,0,2,0,0,0,0,0,0,0,0,1,2,0,0,1,0,0,0,0,0,0,0,0,0,0,0,0,0,1,1,3,18
546,40340248,0,1,2,1,1,1,1,1,1,0,0,0,1,0,2,0,1,1,0,0,1,1,0,1,0,1,1,1,1,1,1,0,2,1,0,1,0,0,1,1,0,1,2,1,3,18
561,30330270,0,0,0,1,0,0,0,0,0,0,0,0,0,0,0,0,0,0,0,0,0,0,0,0,0,0,0,0,0,0,0,0,0,0,0,0,0,0,0,0,0,1,1,1,4,17
570,30330270,1,1,0,0,0,0,0,0,1,0,1,1,0,0,1,1,1,1,0,1,0,3,0,0,0,1,2,2,0,0,0,1,1,0,1,1,1,0,0,0,0,0,1,1,3,17
576,30330270,1,1,0,0,0,0,2,1,1,0,1,1,1,1,1,0,1,0,0,0,0,1,0,1,1,0,0,0,0,0,0,0,0,0,0,0,0,0,0,0,1,1,1,1,3,17
578,30330270,0,0,0,0,0,0,1,1,0,0,0,0,0,0,0,0,1,0,0,0,0,0,0,0,1,0,0,0,0,0,0,0,0,0,0,0,0,0,0,0,1,1,1,1,2,17
585,30330270,0,0,0,0,0,0,1,1,0,0,0,0,0,0,0,0,0,0,0,0,0,0,0,0,0,0,0,0,0,0,0,0,0,0,0,0,0,0,1,0,0,0,1,1,3,17
588,30330270,0,0,0,0,0,0,0,1,0,0,0,0,1,0,0,0,0,0,1,0,0,1,0,0,0,1,1,0,0,1,0,0,0,0,0,0,1,0,0,0,0,0,1,1,3,17
598,11510538,0,0,1,0,0,1,0,1,0,0,0,0,1,0,1,0,0,0,0,0,0,0,1,0,0,1,0,1,0,1,0,0,0,0,0,0,0,0,0,0,2,0,1,1,3,11
600,11510538,0,1,1,1,0,1,1,1,1,0,1,1,1,0,1,0,1,0,0,0,0,1,1,1,1,1,1,0,1,0,0,0,0,1,0,0,0,1,0,0,0,1,1,1,3,11
606,11510538,1,1,1,1,1,0,0,1,0,0,1,1,0,1,0,2,0,0,0,0,0,0,0,1,0,1,3,0,0,0,3,1,1,0,0,0,0,0,0,1,0,1,1,1,3,11
613,11510538,0,0,0,1,1,2,0,0,0,0,0,0,0,1,1,0,1,2,1,1,1,0,0,1,0,3,0,1,2,1,0,0,1,1,0,0,1,0,0,0,1,1,2,1,2,11
618,11510538,0,0,0,0,0,1,0,1,1,0,1,0,1,0,0,0,0,0,1,0,0,0,0,1,0,1,0,0,2,0,3,0,0,0,1,0,0,0,1,0,0,1,1,1,4,11
623,11510538,0,0,0,1,0,1,0,0,0,0,1,0,1,0,0,0,1,0,0,0,0,1,1,0,1,1,0,0,1,2,0,0,0,0,0,0,0,1,1,0,0,2,1,1,3,11
625,11510538,0,0,0,0,0,1,0,1,0,0,1,0,1,0,1,0,0,0,0,0,0,1,0,0,0,1,1,0,1,1,0,0,1,0,0,0,0,1,0,0,1,1,2,1,3,11
633,11510268,0,0,0,0,0,1,0,0,0,0,0,0,0,0,0,0,0,0,0,0,0,0,0,1,0,0,0,1,0,0,0,0,1,0,0,0,0,0,0,0,0,1,1,1,3,10
634,11510268,0,0,0,0,0,0,0,0,0,0,0,1,1,0,1,1,1,0,0,0,3,0,1,1,0,0,1,0,0,1,1,0,1,0,0,0,0,0,0,0,1,3,1,1,4,10
642,11510268,0,0,0,0,0,0,0,0,0,0,3,1,0,0,0,0,0,0,0,0,2,0,0,0,0,0,0,0,0,0,0,0,0,0,0,0,0,0,0,0,0,0,1,1,4,10
674,30230265,1,1,1,2,0,2,1,1,0,0,0,1,2,3,1,1,1,0,0,1,1,1,1,0,1,3,0,1,1,1,2,0,0,0,1,0,0,2,1,0,1,1,1,1,3,17
702,20220357,0,0,1,2,0,1,0,0,1,1,1,1,0,0,0,0,1,1,0,1,0,1,0,1,0,0,2,1,1,0,0,1,0,0,1,0,0,1,1,0,0,1,2,2,1,14
704,20220357,0,0,1,1,0,0,0,1,1,0,1,0,2,1,0,0,1,0,0,0,0,0,1,0,1,1,1,1,1,1,0,0,0,1,0,0,0,1,0,0,3,0,1,1,2,14
726,10410179,0,0,0,0,0,1,0,2,0,0,0,3,0,0,0,2,2,2,0,0,0,1,0,1,0,0,2,0,0,0,0,0,0,0,0,0,0,0,0,0,0,1,1,1,4,10
755,30130085,0,0,0,1,0,0,0,0,0,0,1,1,0,1,0,0,1,0,1,0,0,1,0,0,1,0,0,0,1,0,0,0,0,0,0,0,0,0,0,0,0,2,2,4,2,16
760,30130085,0,0,0,0,0,0,0,0,0,0,0,0,0,0,0,0,0,0,0,0,0,0,0,0,0,0,0,0,0,0,0,0,0,0,0,0,0,0,0,0,0,0,1,1,4,16
772,30130085,1,0,0,1,0,0,0,1,1,1,1,1,1,0,1,0,1,1,0,0,0,1,2,2,0,0,3,1,1,1,2,1,1,2,1,0,0,0,1,0,0,2,3,2,3,16
786,10110421,0,0,0,0,0,0,0,1,0,0,0,1,0,0,1,0,0,0,1,0,0,0,1,1,1,0,2,1,1,0,0,0,0,0,0,0,0,0,0,1,1,1,1,1,4,11
790,10110421,0,0,0,0,0,1,0,1,1,0,0,0,0,0,1,1,0,0,0,0,0,1,1,1,0,2,1,1,1,2,1,0,0,0,0,0,0,1,3,0,0,2,1,1,4,11
793,10110421,0,0,0,0,1,1,0,0,0,0,1,0,1,0,1,0,1,0,0,0,0,1,1,0,0,1,0,1,1,0,0,0,0,0,0,0,0,0,0,0,0,1,1,1,3,11
801,10110421,0,0,0,0,0,0,0,0,0,0,0,0,1,0,0,1,0,0,0,0,0,0,0,0,0,0,0,0,0,0,0,0,0,0,0,0,0,0,0,0,0,1,1,1,4,11
810,11510537,0,0,0,1,0,1,0,1,1,0,2,0,1,1,1,1,1,2,2,0,0,1,1,1,1,2,1,3,1,0,0,0,0,0,0,1,0,0,0,0,1,3,1,1,4,11
811,11510537,0,0,0,0,0,0,0,0,0,0,0,0,0,0,0,0,0,1,0,0,0,0,1,1,0,0,0,0,1,1,0,0,0,0,0,0,0,0,0,0,1,1,2,1,4,11
816,11510537,2,1,2,1,1,1,2,2,2,1,2,2,2,1,1,2,1,1,1,1,1,2,0,2,2,9,1,2,3,1,0,1,2,2,1,1,3,2,1,1,0,0,1,1,2,11
824,11510537,0,0,0,0,0,0,0,0,0,0,0,0,0,0,0,0,0,0,0,0,0,0,0,0,0,0,0,0,0,0,0,0,0,0,0,0,0,0,0,0,0,0,1,1,4,11
840,10210717,0,0,0,0,0,0,0,0,0,0,0,0,0,0,0,0,0,0,0,0,0,0,0,1,0,0,0,0,0,0,0,0,0,0,0,0,0,0,0,0,0,1,1,1,4,12
854,10210717,0,0,0,0,0,0,0,0,0,0,0,0,0,0,0,0,0,0,0,0,0,0,0,0,0,0,0,0,0,0,0,0,0,0,0,0,0,0,0,0,0,0,1,1,3,12
861,21520435,0,0,0,0,0,0,0,1,0,0,0,0,0,0,0,0,1,0,0,0,0,0,0,1,0,0,1,0,1,0,0,0,0,0,0,0,0,0,0,0,0,0,1,1,3,14
875,21520435,0,0,0,0,0,0,0,1,0,0,1,0,1,0,0,0,1,0,0,0,0,0,0,1,0,1,0,0,1,0,0,1,0,0,0,1,0,0,0,0,0,0,1,1,4,14
896,20220568,2,2,2,2,2,1,1,3,3,3,3,2,1,2,2,0,2,0,1,1,1,1,0,1,2,2,2,2,1,3,1,2,2,2,1,2,3,3,2,0,1,3,2,1,4,15
902,20220568,0,1,0,2,0,1,0,0,0,0,1,0,1,1,1,1,2,1,0,1,0,2,0,1,1,1,1,0,2,1,1,0,0,0,0,0,0,0,1,0,0,1,1,1,1,15
911,20220568,0,1,0,1,1,0,1,0,0,0,1,1,1,1,0,0,1,0,0,1,0,0,0,0,0,0,2,0,0,0,0,0,0,0,0,0,0,0,0,0,0,2,1,1,3,15
934,21520649,1,1,0,1,1,0,0,1,0,1,1,1,1,1,1,1,1,0,1,0,0,1,1,1,1,2,1,1,1,0,1,1,0,1,0,1,0,1,3,1,1,1,1,1,2,15
936,21520649,0,0,0,0,0,0,0,0,0,0,0,0,0,0,0,1,0,0,0,0,0,0,0,0,0,0,1,0,0,0,0,0,0,0,0,0,0,0,0,0,0,1,1,1,4,15
946,21520649,0,1,0,0,0,0,0,0,0,0,0,0,0,0,0,0,0,0,0,0,0,0,0,0,0,0,0,0,0,0,0,0,0,0,0,0,0,0,0,0,0,0,1,1,4,15
953,21520649,0,1,1,1,1,2,1,1,1,0,1,1,1,1,1,0,1,0,0,0,0,0,1,0,0,1,1,1,1,1,1,1,1,1,0,1,0,1,0,0,0,0,4,4,2,15
959,20720156,0,0,0,0,0,0,0,0,0,0,0,0,0,0,0,0,0,0,0,0,0,0,0,0,0,0,0,0,0,0,1,0,0,0,0,0,0,0,0,0,0,0,1,1,4,13
991,20720156,0,0,0,1,0,0,0,0,0,0,0,1,0,1,0,1,0,1,0,0,2,0,1,0,0,0,0,0,0,0,0,0,0,0,0,0,0,0,0,0,0,1,1,1,4,13
995,20120551,1,0,0,0,0,0,0,0,0,0,0,1,0,0,0,1,0,0,0,0,0,0,9,9,0,0,1,0,0,0,0,0,0,0,0,0,0,0,0,0,0,0,1,1,4,15
996,20120551,1,2,2,1,0,1,2,2,1,1,1,0,1,1,1,1,1,1,0,0,3,0,0,0,0,1,1,3,1,3,1,0,0,0,0,0,0,0,0,0,3,0,2,1,3,15
998,20120551,0,0,0,0,0,0,0,0,0,0,0,0,0,0,0,0,0,0,0,0,3,0,0,0,0,0,0,0,0,0,0,0,0,0,0,0,0,0,0,0,0,0,1,1,4,15
1003,20120551,0,1,0,1,0,0,0,1,1,0,2,0,1,1,0,0,1,0,0,0,0,1,0,1,1,0,0,0,0,1,0,1,0,0,1,0,0,0,0,0,0,1,1,1,3,15
1014,20120551,0,0,0,0,1,0,0,0,0,0,0,0,0,0,0,0,0,0,0,0,1,1,0,0,0,0,0,1,0,1,0,0,0,0,0,0,0,0,0,0,0,2,2,2,4,15
1017,20120551,0,1,0,0,0,1,0,1,1,0,1,0,1,1,0,0,1,2,0,0,2,0,0,1,1,1,0,2,0,0,1,0,1,0,0,0,0,0,1,0,0,1,1,2,3,15
1041,30130419,1,1,1,1,1,0,1,1,1,1,1,0,1,1,0,0,2,0,0,1,0,1,1,1,1,2,1,0,1,1,2,0,2,2,1,1,1,1,3,0,1,2,1,2,2,18
1046,30130419,0,0,0,1,0,0,1,0,1,1,2,0,0,1,0,1,1,1,0,0,0,1,3,0,0,0,0,0,0,1,2,0,0,0,0,0,0,0,1,0,0,0,1,1,3,18
1056,30130419,1,2,2,2,0,2,2,2,1,1,2,2,1,2,1,0,1,1,0,0,0,0,2,1,1,1,1,0,2,0,0,0,1,1,0,0,0,1,0,0,0,1,4,1,2,18
1073,10110694,0,0,0,1,0,0,1,0,0,0,1,1,0,3,2,1,2,3,0,0,3,2,0,1,1,0,0,0,2,3,1,1,1,1,0,1,0,0,3,0,3,3,1,1,4,12
1078,10110694,0,0,0,1,0,0,0,0,0,0,0,0,0,0,0,0,0,0,0,0,0,1,0,0,0,0,0,0,0,0,0,0,0,0,0,0,0,0,0,0,0,1,2,1,2,12
1094,40440250,0,1,1,0,2,1,1,2,1,0,0,1,0,1,0,0,0,0,0,0,0,0,0,0,0,1,1,0,1,1,1,0,0,1,0,0,0,1,1,0,0,0,1,1,3,18
1103,40440250,0,1,1,0,1,1,1,1,1,0,1,1,1,2,1,1,2,0,0,0,0,2,0,2,1,1,0,1,2,2,2,0,0,2,0,0,0,1,2,0,0,1,1,1,2,18
1111,40440250,0,1,1,0,2,1,1,1,1,0,1,0,1,1,0,0,0,1,0,0,0,1,0,1,1,0,0,1,1,1,1,0,0,0,0,0,0,0,0,0,0,0,3,1,3,18
1131,40140242,0,1,0,0,0,0,0,0,0,0,1,0,2,0,0,1,1,0,0,0,0,1,1,0,0,0,1,0,1,1,1,0,0,0,0,0,0,0,0,0,1,1,4,4,4,18
1143,40140242,0,0,0,0,0,0,0,0,1,0,2,0,0,0,1,0,1,0,0,0,1,1,0,0,0,0,0,0,0,0,0,0,0,0,0,0,0,0,0,0,0,0,2,1,4,18
1144,40140242,0,0,0,0,0,0,1,0,1,0,1,0,0,2,1,0,1,0,0,1,0,0,1,1,0,0,1,1,1,1,1,0,1,0,1,0,0,0,1,0,0,0,4,4,3,18
1150,20120110,0,0,0,1,0,0,0,0,0,0,1,0,0,0,0,0,1,0,0,0,0,0,0,0,0,0,1,0,0,0,0,0,0,0,0,0,0,0,0,0,0,1,1,1,4,13
1171,20120110,0,0,0,0,0,1,1,0,0,0,0,0,1,3,0,0,1,0,1,0,3,0,0,1,0,1,1,1,2,1,1,0,0,1,1,0,0,0,0,0,1,1,1,2,2,13
1176,20120110,0,0,0,0,0,1,0,0,1,0,0,0,0,0,0,0,1,0,2,0,0,0,0,1,9,0,0,0,0,1,0,0,0,0,0,0,0,0,0,0,0,3,1,1,2,13
1226,20120552,0,1,0,1,0,0,1,1,1,0,1,0,0,1,1,0,1,0,0,0,0,0,1,0,1,1,1,0,0,1,0,0,0,0,0,0,0,0,0,0,0,0,1,1,2,15
1242,20120552,0,0,0,0,0,0,0,0,1,0,2,0,1,1,1,0,1,0,0,0,0,1,1,0,1,1,1,2,2,2,0,1,0,2,0,0,0,2,2,1,1,2,2,1,4,15
1244,20120552,0,1,1,2,0,1,1,1,2,1,1,2,2,1,1,0,1,0,0,1,1,1,0,1,1,1,1,0,0,0,1,0,0,0,0,0,0,1,1,0,1,0,3,1,2,15
1247,20120552,1,0,1,1,0,1,0,0,1,1,1,0,1,0,0,1,2,0,0,0,0,0,0,1,0,0,0,1,2,0,0,0,3,1,0,0,0,0,0,0,0,0,4,4,4,15
1270,20120549,0,0,0,0,0,0,0,0,0,0,0,0,0,0,0,0,0,0,0,0,0,1,0,0,0,0,1,0,1,0,0,0,0,0,0,0,0,0,0,0,0,0,1,1,4,15
1271,20120549,0,1,1,0,0,0,0,0,1,0,1,0,1,1,0,0,1,0,0,0,0,0,1,0,0,0,0,0,0,1,0,0,0,0,0,0,0,0,0,0,0,2,1,2,3,15
1277,20120549,0,0,0,0,0,0,0,0,0,0,0,0,0,0,0,0,0,0,1,0,1,0,0,0,0,0,0,0,0,0,0,0,0,0,0,0,0,0,0,0,0,0,2,1,4,15
1294,40440155,0,1,0,0,0,0,0,0,0,0,0,0,0,0,0,0,0,0,0,0,0,1,0,0,0,0,0,0,0,0,0,1,0,0,0,0,0,0,0,0,0,3,1,1,3,17
1330,10110154,0,0,0,0,0,0,0,0,0,1,2,0,0,0,0,1,0,0,0,0,0,0,1,1,0,1,0,0,1,3,0,0,0,1,0,0,0,0,1,0,0,1,2,1,4,10
1344,10810750,0,1,0,1,0,0,2,1,0,0,1,0,0,0,0,1,1,0,0,0,0,0,1,0,1,2,1,0,0,1,0,0,0,1,1,0,0,2,0,0,0,0,1,1,2,12
1351,10810750,0,0,0,1,0,0,0,0,0,0,1,0,1,0,0,0,0,0,0,0,2,1,0,1,0,1,0,2,0,0,1,0,0,0,0,0,0,0,0,0,0,2,1,1,4,12
1365,10810750,0,0,0,1,0,0,0,1,0,0,1,0,1,0,0,0,1,0,0,0,0,0,0,0,0,0,0,0,0,0,0,0,0,0,0,0,0,0,0,0,0,0,1,1,4,12
1373,40840258,0,0,0,1,0,0,1,1,0,0,0,0,0,1,0,0,0,0,0,0,0,0,0,0,0,0,0,1,1,1,0,0,0,0,0,0,0,0,0,0,0,1,1,1,4,18
1382,40840258,1,1,1,1,0,0,1,1,0,0,0,0,1,1,1,0,0,0,0,0,0,0,1,0,1,1,0,1,1,2,1,0,0,0,1,0,0,1,1,0,0,0,1,1,3,18
1384,40840258,1,1,1,1,1,1,1,1,1,0,1,1,1,3,1,1,2,1,0,1,1,0,1,0,2,2,1,1,2,2,0,1,0,1,0,0,0,1,1,0,2,0,2,1,2,18
1407,42000030,1,0,0,0,0,0,1,0,0,0,0,0,0,0,1,0,1,0,1,0,0,0,0,0,0,0,1,0,1,0,1,0,0,0,0,0,0,0,1,0,2,0,2,1,4,18
1447,41240177,0,1,0,1,0,0,1,0,1,0,1,0,0,1,0,0,1,0,0,0,0,1,1,0,0,0,1,0,1,1,1,2,0,0,0,0,0,1,0,0,0,0,2,1,3,17
1451,30130418,1,0,2,2,0,1,0,0,1,1,2,0,0,1,1,1,2,0,0,1,1,1,0,1,1,0,1,2,0,2,1,0,0,0,0,1,0,1,2,0,0,1,2,2,3,18
1462,30130418,0,0,0,0,1,1,1,0,0,0,1,1,0,0,1,0,1,0,0,1,0,0,1,1,0,0,1,1,1,1,1,1,1,0,0,0,0,0,1,0,0,2,1,1,4,18
1488,10110144,0,0,0,1,0,1,0,1,1,0,1,1,0,0,0,0,0,0,0,0,0,0,0,0,0,1,0,0,0,0,0,0,0,0,0,0,0,0,0,0,0,1,1,1,4,10
1490,10110144,0,0,0,3,2,0,0,0,1,0,1,0,0,0,0,0,0,0,1,0,0,0,0,0,0,1,1,0,0,1,0,0,0,0,0,0,0,0,0,0,0,0,1,1,4,10
1492,10110144,0,0,0,0,0,0,0,0,0,0,1,0,1,0,0,0,1,0,0,0,0,0,0,0,0,0,0,0,0,0,0,0,0,0,0,0,0,0,0,0,0,0,1,1,4,10
1498,10110144,1,0,0,0,1,1,1,1,0,0,0,0,0,0,0,0,0,0,0,0,0,0,1,0,0,0,0,0,1,0,0,0,0,0,0,0,0,0,0,0,0,1,1,1,4,10
1511,10110144,0,0,0,0,0,0,0,0,0,0,0,0,0,0,0,0,0,0,0,0,0,0,0,0,0,0,0,0,0,0,0,0,0,0,0,0,0,0,0,0,0,0,1,1,4,10
1518,10110696,0,0,0,0,0,0,0,0,0,0,0,0,0,0,0,0,0,0,0,0,0,0,0,0,0,0,0,0,0,0,0,0,0,0,0,0,0,0,0,0,1,0,1,1,4,12
1537,10110696,0,1,0,0,0,0,0,0,0,0,1,0,0,0,0,0,1,0,0,0,0,0,1,1,0,0,0,0,0,1,0,0,1,1,0,0,0,0,1,0,0,2,9,1,2,12
1578,20420579,0,1,0,1,0,0,1,1,1,0,1,1,1,1,1,0,1,0,0,1,0,1,0,0,0,0,0,0,0,1,1,0,0,0,0,0,0,0,2,0,0,1,1,1,2,15
1580,20420579,1,0,0,0,0,0,0,0,0,0,0,0,0,0,0,0,1,1,0,0,0,1,0,0,0,0,0,0,1,1,0,0,0,0,0,1,0,0,0,0,0,0,1,1,3,15
1582,20420579,0,0,0,0,0,0,0,0,0,0,1,0,0,0,0,0,0,0,0,1,0,0,0,0,0,0,0,0,0,1,1,0,0,0,0,0,0,0,0,0,1,0,1,1,4,15
1599,20420579,0,1,1,1,0,0,0,1,0,0,0,0,1,1,0,0,1,2,1,0,0,1,0,0,0,1,2,0,0,0,0,0,0,1,0,0,0,0,0,0,0,0,1,2,3,15
1671,31330156,0,0,0,0,0,0,0,0,0,0,0,0,1,0,1,0,1,0,0,1,0,1,0,0,1,1,1,0,1,1,1,0,1,0,0,0,0,1,2,0,2,2,1,1,3,16
1687,41440274,1,0,0,1,0,0,0,0,0,0,0,0,1,0,0,0,1,0,0,0,1,0,0,0,0,1,1,0,0,0,1,0,0,0,0,0,0,0,0,0,0,2,2,1,2,18
1714,21420202,0,1,0,0,0,0,0,1,1,0,1,0,1,0,1,0,1,0,0,0,0,0,1,1,1,1,0,0,1,0,0,0,1,1,0,0,0,0,0,0,1,1,1,1,1,13
1720,21420202,1,0,0,1,1,0,1,1,1,1,2,0,1,0,1,1,2,1,0,0,0,1,2,3,1,1,1,0,2,1,2,0,0,1,0,0,1,1,0,1,1,0,2,1,3,13
1721,21420202,1,2,0,1,0,3,0,0,1,2,1,1,0,2,1,1,1,1,0,1,0,0,0,1,1,0,0,0,1,1,0,0,0,0,0,0,0,0,0,0,0,3,1,1,2,13
1727,10910777,1,0,0,0,0,0,0,0,1,1,1,0,0,0,0,0,1,0,0,0,1,1,0,1,0,0,0,0,0,0,0,0,0,0,0,0,1,0,0,1,0,0,4,2,3,12
1738,10910777,0,0,0,0,0,1,0,0,1,0,0,0,0,0,0,0,0,0,1,0,0,2,0,0,0,0,2,0,0,0,0,0,0,0,0,0,0,0,0,0,0,1,2,1,4,12
1746,10910777,0,0,0,0,0,0,0,0,0,0,0,0,0,0,0,0,0,0,0,0,0,0,0,0,0,0,1,0,0,0,0,0,0,0,0,0,0,0,1,0,0,0,2,1,4,12
1761,41640092,0,0,0,0,0,0,0,0,0,0,0,0,0,0,0,0,0,0,0,0,0,1,1,1,1,1,2,1,1,1,1,0,1,1,0,0,0,0,1,0,0,2,4,4,3,16
1764,41640092,0,0,0,0,0,0,0,0,0,0,0,1,0,0,0,0,1,0,0,0,0,1,0,0,1,0,1,0,0,0,0,0,0,0,0,0,0,0,0,0,0,0,1,1,3,16
1774,41640092,0,1,0,0,1,1,0,0,1,0,0,0,0,1,0,0,1,0,0,0,3,0,0,0,0,0,1,1,1,0,0,0,0,1,0,0,0,0,0,0,0,0,3,3,2,16
1788,11610828,0,3,3,2,1,0,2,0,1,0,1,2,2,3,2,0,1,1,0,0,0,1,0,0,3,3,3,0,3,3,3,0,0,0,0,0,1,2,0,0,0,0,4,1,1,12
1813,11610828,0,0,0,0,0,0,0,2,0,0,2,2,1,0,1,0,1,0,0,0,0,1,3,0,0,0,0,0,1,0,0,0,0,1,0,0,0,0,0,0,0,2,1,1,4,12
1816,11610828,0,0,0,0,0,0,0,0,0,0,0,2,0,0,0,0,0,0,0,0,0,0,0,1,0,0,0,0,1,0,0,0,0,0,0,0,0,0,0,0,0,3,1,1,4,12
1828,41640190,0,0,0,0,1,0,0,0,0,0,0,0,2,1,0,0,3,0,0,1,0,0,0,0,0,0,1,0,0,1,1,0,0,0,0,0,0,0,0,0,0,1,1,1,3,17
1840,41640190,1,1,1,0,0,1,1,1,1,1,1,1,2,1,1,0,1,2,1,1,1,0,1,1,0,1,2,0,0,1,1,0,1,1,1,1,0,1,2,1,1,0,4,4,3,17
1841,41640190,1,1,0,1,0,0,1,1,0,0,0,1,1,0,2,1,1,0,0,0,0,0,0,0,1,0,1,0,2,0,2,0,1,1,0,0,0,1,1,0,0,0,1,1,2,17
1848,41440182,0,0,0,0,0,0,0,0,0,0,1,0,0,0,1,0,1,0,0,0,0,0,1,0,0,1,3,1,1,1,0,0,0,0,0,0,0,0,1,0,0,1,3,1,4,17
1863,41440182,0,1,0,0,0,0,0,2,0,0,0,2,1,2,1,0,1,0,0,0,1,1,1,0,2,2,1,1,1,1,0,0,0,0,0,0,0,1,0,0,0,0,2,2,1,17
1877,11410529,0,0,0,0,0,0,0,0,1,1,1,0,0,0,0,0,0,0,0,0,3,0,1,0,1,2,0,0,0,0,0,0,0,0,0,0,0,0,0,0,0,0,1,1,4,11
1882,11410529,0,0,0,0,0,0,0,0,0,0,0,0,0,0,0,0,0,0,0,0,3,0,0,0,0,0,0,0,0,0,0,0,0,0,0,0,0,0,0,0,0,0,1,1,4,11
1896,30130250,0,0,0,0,0,0,0,0,0,0,0,0,0,0,0,0,1,1,0,0,2,0,1,0,0,0,0,0,0,0,0,0,0,0,0,0,0,0,0,0,0,0,2,1,3,17
1948,21420641,0,1,1,2,1,1,1,2,1,0,1,1,2,1,1,0,1,1,0,0,1,1,1,1,1,0,1,1,1,1,1,0,1,0,0,1,0,1,0,0,1,1,2,4,3,15
1974,30630280,0,0,0,0,0,0,1,1,0,0,0,0,0,0,0,0,0,1,0,0,0,1,0,0,0,0,0,0,0,0,0,0,0,0,0,0,0,0,0,0,0,0,1,1,4,17
1975,30630280,0,0,0,0,0,0,0,0,0,0,0,0,0,0,0,0,0,0,0,0,0,0,1,0,0,0,0,0,0,0,0,0,0,0,0,0,0,0,0,0,0,2,2,4,4,17
1993,30630280,0,1,2,1,0,0,1,1,0,0,1,0,1,1,1,1,1,0,0,0,0,0,0,0,1,1,2,0,1,0,1,0,1,0,0,0,0,1,1,0,0,1,2,1,3,17
2007,41040073,1,0,0,0,0,0,0,0,0,0,2,1,1,2,1,2,1,0,1,1,2,0,0,0,0,0,1,0,0,0,0,0,0,0,0,0,0,0,1,0,0,1,4,4,3,16
2020,41040073,0,1,0,0,0,0,0,0,0,0,0,1,1,1,1,0,1,0,0,1,0,1,0,0,0,0,2,1,1,0,1,0,0,0,0,0,0,0,0,0,1,0,1,1,3,16
2028,20120119,1,0,0,1,0,0,0,0,1,1,1,2,0,2,1,1,1,2,1,0,0,2,0,3,1,2,1,0,0,1,0,0,1,0,1,0,0,1,0,0,1,1,3,1,2,13
2041,20120119,1,0,0,1,0,0,0,0,1,0,1,0,0,0,0,0,1,0,0,0,0,0,0,0,0,0,0,0,0,0,0,0,0,0,0,0,0,0,0,0,0,3,1,1,3,13
2053,20120119,0,0,0,0,0,0,1,0,0,0,0,1,0,0,0,1,1,0,0,1,0,1,0,1,1,0,1,1,1,0,0,0,0,0,0,0,0,1,3,0,0,3,1,1,3,13
2054,20520585,0,1,0,3,0,0,0,0,0,0,1,0,2,0,0,1,1,0,1,0,0,0,0,0,0,0,0,1,0,0,0,0,0,0,0,0,0,0,0,0,0,0,1,1,3,15
2067,20520585,0,0,0,0,0,0,0,0,0,0,0,1,0,0,0,0,0,0,0,0,0,0,0,0,0,1,1,0,1,1,0,0,0,0,0,0,0,0,0,0,0,0,1,1,4,15
2095,11310802,0,0,0,0,0,1,0,0,1,0,0,0,0,0,0,0,0,0,0,0,0,0,0,0,0,0,0,0,0,0,0,0,0,0,0,0,0,0,0,0,0,0,1,1,4,12
2104,11310802,0,1,0,1,0,1,1,1,1,1,1,0,1,1,1,1,1,0,0,0,0,1,2,2,1,1,2,3,1,0,2,0,2,1,0,2,0,1,1,0,1,2,1,1,1,12
2128,10810202,0,1,0,0,0,0,0,0,0,0,0,0,1,1,0,0,1,1,0,0,3,0,0,0,0,0,0,0,0,0,0,0,0,0,0,0,0,0,0,0,0,0,1,1,4,10
2136,10810202,0,0,0,0,0,0,0,0,0,0,0,0,0,0,0,0,0,0,0,0,0,0,0,0,0,0,0,0,0,0,0,0,0,0,0,0,0,0,0,0,0,0,1,1,4,10
2150,10810202,0,0,0,0,0,0,0,0,0,0,0,1,0,0,0,0,1,0,0,0,3,0,0,1,0,0,1,0,1,0,0,1,0,0,0,1,0,0,0,0,0,0,2,1,4,10
2167,30130094,1,0,0,0,0,0,1,1,1,0,1,0,0,1,0,0,1,0,0,0,0,0,0,0,0,0,1,0,0,0,0,0,0,0,0,0,0,0,0,0,0,3,2,1,3,16
2183,30130094,1,0,0,0,0,0,1,0,0,0,0,0,0,0,0,0,1,0,0,0,0,0,0,0,0,1,0,1,0,1,0,0,0,0,1,0,0,0,0,0,1,0,1,1,4,16
2208,10810199,0,0,0,0,0,0,0,0,0,0,0,1,0,0,0,0,1,0,0,0,0,0,0,0,0,0,1,0,0,0,0,0,0,0,0,0,0,0,0,0,0,2,1,1,4,10
2217,40640062,0,0,0,1,0,0,0,0,1,0,1,0,0,1,0,0,1,0,0,0,0,0,0,0,0,1,0,0,0,0,1,0,0,0,0,0,0,0,1,0,0,1,2,1,3,16
2220,40640062,0,0,0,0,0,1,0,0,1,0,1,0,0,0,0,0,1,0,0,1,0,1,1,1,0,1,0,0,1,1,0,0,0,0,0,1,0,0,1,0,0,0,2,1,3,16
2230,40640062,1,1,0,1,0,1,0,0,1,1,1,1,0,1,0,1,1,1,0,0,0,0,0,1,1,1,1,1,1,1,1,2,0,0,1,0,0,1,2,0,0,2,3,3,2,16
2240,40640062,1,0,1,3,1,1,1,1,1,1,2,2,1,1,1,2,2,1,0,0,3,0,0,0,1,2,2,2,2,1,0,1,1,1,0,2,0,0,2,0,0,1,4,2,2,16
2245,20620587,0,0,0,0,0,0,0,0,0,0,0,0,0,0,0,0,1,0,1,0,0,0,0,0,0,0,0,0,0,0,0,0,0,0,0,0,0,0,0,0,0,0,1,1,4,15
2251,20620587,0,0,0,1,0,0,0,1,1,0,1,0,0,1,0,0,1,0,0,0,0,0,1,0,1,0,1,0,0,0,0,0,0,0,0,0,0,0,0,0,0,1,3,1,4,15
2255,20620587,0,0,0,0,0,0,0,0,0,0,0,0,0,0,0,0,0,0,0,0,0,0,0,0,0,0,1,1,1,1,0,0,1,1,0,1,0,0,2,0,0,1,1,1,3,15
2259,20620587,0,0,1,0,3,3,3,2,2,0,1,0,3,1,0,1,1,0,0,0,2,1,1,3,2,3,2,0,2,3,0,0,0,1,2,0,2,2,1,0,0,1,1,1,2,15
2279,41140268,0,0,0,0,0,0,0,0,0,0,1,0,0,0,0,0,1,2,3,0,1,0,1,1,0,0,1,1,0,0,1,0,0,0,0,0,0,1,1,0,0,1,1,1,3,18
2288,41140268,0,0,0,1,0,0,1,0,1,0,1,0,0,0,0,0,1,0,1,0,0,0,1,0,0,0,0,0,0,0,1,0,0,0,0,0,0,0,1,0,0,2,2,1,3,18
2309,30330440,0,1,1,1,0,0,1,1,0,0,1,1,1,2,1,0,2,0,0,1,0,1,0,0,0,0,1,0,1,0,1,0,0,0,0,1,0,0,2,0,0,1,2,1,3,18
2335,30330440,1,1,2,1,0,1,1,1,0,0,1,0,1,0,0,0,1,0,0,1,0,0,0,0,0,1,1,0,0,1,1,0,0,0,0,0,0,0,1,0,0,1,1,1,3,18
2339,10710744,1,1,1,2,1,3,0,1,0,0,1,1,1,1,1,0,1,1,0,0,0,0,0,0,1,1,0,0,0,0,0,0,0,0,0,0,0,0,0,0,0,0,1,1,3,12
2361,10710744,0,0,0,0,0,0,1,0,0,0,1,0,1,1,1,1,2,1,0,1,0,2,2,2,2,1,3,3,2,3,3,3,0,2,3,1,0,3,3,0,3,3,1,1,4,12
2363,10710195,2,3,3,2,1,3,1,3,1,1,1,1,2,3,3,0,1,2,3,1,1,2,1,0,1,2,2,1,2,1,1,0,1,1,2,1,1,2,2,0,2,2,2,1,2,10
2364,10710195,0,1,0,1,0,2,0,0,0,0,2,0,0,0,3,2,0,2,0,0,0,1,1,2,0,2,0,3,2,1,1,1,1,1,2,0,0,3,1,0,1,2,3,1,1,10
2377,10710195,0,1,1,1,1,0,0,0,0,0,3,0,0,3,0,0,0,3,0,0,0,0,0,0,1,0,0,0,0,0,0,0,0,0,0,0,0,0,0,0,0,1,1,1,3,10
2411,10210166,0,0,0,0,1,1,0,1,0,0,0,0,0,0,0,0,0,0,0,0,1,0,1,0,0,0,0,1,0,0,0,0,0,0,0,0,0,0,0,0,0,0,1,1,4,10
2429,11510269,0,0,1,2,0,1,0,0,0,0,1,0,1,0,0,0,1,0,0,0,0,0,0,0,0,1,0,0,1,1,0,0,0,0,0,0,0,0,0,0,0,0,9,9,9,10
2475,20220356,0,0,0,1,0,0,0,0,0,0,0,0,0,1,0,0,0,0,0,0,0,0,0,0,0,0,0,0,0,0,0,0,0,1,0,0,0,0,0,0,0,0,1,1,4,14
2498,20720591,0,0,0,0,0,0,0,0,0,0,0,0,0,0,0,0,0,0,0,0,0,0,1,0,0,0,0,0,0,0,0,0,0,0,0,0,0,0,0,0,0,1,1,1,4,15
2541,41540276,0,1,1,0,0,1,1,0,1,0,1,0,1,3,1,0,2,2,1,1,0,1,1,2,1,1,1,0,3,2,1,0,0,2,0,0,0,1,2,9,1,2,2,1,2,18
2544,41540276,0,1,0,1,0,0,1,1,0,0,0,1,1,1,0,1,1,0,0,0,0,1,0,0,1,0,1,1,0,1,1,0,0,0,0,0,0,1,0,0,0,0,1,1,3,18
2558,21520648,1,0,0,1,2,0,1,0,1,0,2,1,1,0,1,0,1,1,0,0,0,0,0,0,0,0,1,0,0,0,0,0,0,0,0,0,0,0,0,0,0,0,3,1,4,15
2559,21520648,0,0,0,1,0,1,1,1,1,0,0,1,0,1,1,1,1,1,0,0,0,0,0,0,0,0,1,0,0,1,0,0,0,0,0,0,0,0,0,0,0,2,1,1,3,15
2563,21520648,0,0,0,0,0,0,0,0,0,0,0,0,1,0,0,0,1,0,0,0,0,0,0,0,0,0,1,2,0,0,1,1,0,1,0,1,0,0,0,0,0,2,1,1,4,15
2564,21520648,0,0,0,0,0,3,0,0,0,0,1,0,0,0,0,0,1,2,0,0,0,0,1,0,0,0,0,1,0,0,0,0,0,0,0,0,1,0,0,0,0,2,1,1,1,15
2567,21520648,0,1,0,1,0,0,1,0,1,0,0,0,0,0,0,1,1,1,0,0,0,0,0,0,1,0,0,0,0,0,2,0,0,0,0,0,0,1,0,0,0,0,1,1,4,15
2570,21520648,0,0,0,0,0,0,0,0,0,0,0,0,0,0,0,0,0,0,0,0,0,0,1,0,0,0,0,1,0,0,0,0,0,0,0,0,0,0,0,0,1,0,4,4,3,15
2572,21520648,0,0,0,0,0,0,0,0,0,0,0,0,0,0,0,0,0,1,1,1,0,1,0,0,0,0,1,1,1,0,0,0,0,0,0,0,0,0,1,0,1,2,2,1,4,15
2586,11510267,0,1,1,0,0,0,0,0,0,0,0,0,0,0,0,0,0,0,2,0,0,0,0,1,0,0,0,0,0,0,0,0,0,0,0,0,0,1,0,0,0,0,1,1,4,10
2589,11510267,0,0,0,0,0,0,0,0,0,0,0,2,0,0,0,0,0,3,2,2,0,0,0,0,1,9,0,0,0,0,0,0,0,0,0,0,0,0,0,0,0,1,2,1,4,10
2610,11510267,1,0,1,1,1,1,0,1,1,0,1,1,0,1,1,0,0,0,0,0,0,0,1,1,0,1,0,0,0,1,0,0,0,0,0,0,0,0,0,0,0,0,1,1,3,10
2611,11510267,1,0,0,0,1,1,0,0,1,0,0,2,0,2,1,0,0,3,0,0,0,0,0,0,0,0,0,0,0,0,0,0,0,0,0,0,0,0,0,0,0,0,1,1,4,10
2622,20120558,0,0,0,1,0,0,0,1,0,0,1,0,0,0,1,0,1,0,0,0,0,0,0,0,0,1,1,0,0,0,0,0,0,0,0,0,0,0,1,0,0,1,1,1,4,15
2632,20120558,0,1,0,0,0,0,0,0,0,0,1,0,0,0,0,1,1,1,0,0,0,2,0,0,1,0,2,2,1,1,1,0,0,0,0,0,0,0,2,0,1,0,1,1,4,15
2646,20120558,0,0,0,0,1,0,1,1,1,1,0,0,0,1,0,1,1,0,0,0,0,0,0,0,1,1,1,2,1,1,0,0,0,1,1,0,0,0,0,0,1,0,1,1,4,15
2647,20120558,0,0,0,0,0,0,0,0,0,0,1,1,2,0,0,0,0,0,0,0,0,0,1,1,0,0,0,1,0,0,1,0,0,0,0,0,0,0,0,0,0,0,1,1,4,15
2658,30830125,0,0,0,0,0,0,1,0,0,0,0,0,1,0,0,0,1,0,2,0,0,0,0,0,0,0,0,0,0,0,0,0,0,0,0,0,0,0,0,0,0,1,2,1,4,16
2659,30830125,0,1,2,1,1,2,2,1,1,0,1,1,1,0,1,1,1,1,1,0,1,1,0,2,2,2,0,1,2,2,1,0,1,1,1,1,1,1,0,0,2,2,1,1,4,16
2661,30830125,0,1,0,1,0,0,0,1,0,0,0,1,0,0,0,0,2,2,0,0,0,0,0,0,0,0,0,0,0,0,1,0,0,0,0,0,0,0,2,1,0,3,1,1,4,16
2678,30830125,0,1,1,1,2,1,1,1,0,0,1,0,1,0,0,1,2,0,0,0,0,1,0,0,0,0,1,0,0,1,0,0,0,0,0,0,0,0,0,0,1,1,4,4,3,16
2681,30830125,0,1,1,2,1,1,1,1,1,0,3,1,2,1,2,0,2,1,0,0,0,1,0,0,2,1,1,0,0,1,2,0,0,1,0,0,0,1,0,0,1,0,1,1,3,16
2700,20820605,0,0,0,0,0,0,0,0,0,0,0,1,0,1,0,0,2,0,0,0,0,1,1,0,0,0,1,1,1,2,2,0,0,1,0,0,0,1,0,0,0,3,1,1,4,15
2711,20820605,0,0,0,1,0,0,0,1,0,0,1,0,1,0,0,0,0,0,0,0,0,2,0,1,0,0,1,2,1,2,0,0,0,0,0,0,2,1,0,0,0,0,1,1,4,15
2724,20820601,0,0,0,0,0,0,1,1,0,0,0,0,0,0,0,0,0,0,1,0,0,1,1,0,0,0,1,0,1,0,0,0,0,0,0,0,0,0,0,0,0,0,1,1,3,15
2732,20820601,0,0,2,2,0,1,1,0,1,0,1,1,0,0,0,0,1,2,1,1,0,1,0,1,1,1,1,1,0,0,1,0,1,1,1,0,0,1,2,0,0,0,4,4,2,15
2740,20820601,0,0,0,0,0,0,0,0,0,0,0,0,0,0,0,0,0,0,0,0,0,0,1,0,0,0,1,1,0,1,0,0,0,0,0,0,0,0,0,0,1,1,1,1,4,15
2773,10810753,0,0,0,0,0,0,0,1,0,0,0,0,0,0,1,0,1,0,0,0,0,0,1,0,0,1,0,1,1,0,0,0,0,0,0,0,0,0,0,0,0,0,1,1,4,12
2781,10810753,0,0,0,0,0,0,0,0,0,0,0,0,0,0,0,0,0,0,0,0,0,1,0,1,0,0,0,0,0,0,0,1,0,0,0,0,0,0,2,0,0,3,1,1,4,12
2782,10810753,1,1,1,2,2,1,1,2,0,1,1,2,0,1,1,2,1,0,2,1,0,2,1,1,2,3,3,0,2,3,2,1,1,2,1,0,0,1,1,0,1,1,1,1,3,12
2796,10110702,0,0,0,0,0,0,0,0,0,0,0,1,2,0,1,0,0,0,0,0,1,0,0,0,0,0,0,0,0,0,0,0,0,0,0,0,0,0,0,0,0,1,1,1,4,12
2798,10110702,0,0,2,1,1,0,0,0,0,0,2,0,0,0,0,0,0,0,0,0,0,0,0,0,0,0,0,0,0,0,0,0,0,0,0,0,0,0,0,0,0,1,2,1,3,12
2811,10110702,0,0,0,0,0,1,0,0,0,0,0,0,0,0,0,1,0,0,0,0,0,0,0,0,0,1,0,0,0,0,0,0,0,0,0,0,0,0,0,0,0,2,1,1,3,12
2858,10810201,0,0,0,0,0,0,0,0,0,0,0,0,0,0,0,0,0,0,0,0,0,0,1,0,0,0,0,1,0,0,0,0,0,0,0,0,0,1,1,0,0,0,1,1,4,10
2877,10810201,1,0,3,2,1,3,2,1,1,1,3,1,1,3,2,3,9,0,0,0,2,2,1,0,2,1,2,2,1,2,1,9,0,1,1,1,1,1,2,1,0,1,1,1,2,10
2888,40840164,0,0,0,0,0,0,0,1,0,0,1,0,0,0,1,1,0,0,0,1,0,0,0,0,0,0,0,0,0,0,0,0,0,0,0,0,0,0,0,0,0,1,2,1,4,17
2896,40840164,0,1,0,1,0,0,1,0,0,0,2,2,1,0,1,1,2,0,0,1,0,2,1,1,2,0,2,0,0,0,2,0,2,0,0,0,0,0,2,0,0,2,4,1,1,17
2928,31630328,2,1,2,2,1,1,2,2,2,3,1,0,2,1,1,1,1,0,1,1,0,1,1,1,1,2,0,1,1,1,1,0,0,0,0,0,0,1,2,0,0,0,2,1,2,17
2939,31630328,0,0,0,0,0,1,0,0,0,0,0,0,0,1,1,0,1,0,0,0,0,1,0,0,0,0,1,1,1,1,0,0,0,0,0,0,0,0,0,0,0,1,2,1,4,17
2968,21620656,0,1,0,1,0,1,0,1,1,0,0,0,0,1,0,0,1,0,0,0,0,1,0,0,1,1,2,1,1,1,1,0,0,0,1,0,1,1,0,0,0,1,1,1,2,15
2971,21620656,0,0,1,0,1,1,1,1,1,0,1,0,2,3,1,1,1,0,0,1,0,1,0,1,1,1,0,0,1,0,1,0,1,0,0,0,0,1,0,0,0,1,2,1,3,15
2985,21620656,0,0,0,1,1,0,0,1,1,0,1,0,0,1,0,1,0,0,0,0,0,1,0,0,0,0,0,0,0,0,2,0,0,0,0,0,0,0,0,0,0,0,1,1,4,15
2986,21620656,1,0,0,1,1,0,1,1,1,1,1,1,1,0,1,0,2,0,0,0,0,0,0,1,2,1,1,0,1,0,2,0,1,1,0,0,0,1,0,0,1,0,1,1,3,15
3004,12000026,0,0,0,1,0,0,0,0,0,0,1,0,1,0,0,1,1,0,0,0,0,1,1,0,0,0,0,0,0,0,0,0,0,0,0,0,0,0,0,0,0,1,1,1,3,11
3007,12000026,0,0,1,0,0,0,1,1,0,1,1,1,1,1,1,0,1,0,0,0,0,1,0,1,0,0,1,0,0,0,0,0,0,0,0,0,0,0,0,0,0,0,1,1,4,11
3011,12000026,0,0,0,0,0,0,0,0,0,0,0,0,0,0,0,0,0,0,0,0,0,0,0,0,1,0,1,0,0,1,0,0,0,0,0,0,0,0,0,0,0,0,1,1,4,11
3014,12000026,0,0,0,0,0,0,0,0,0,0,0,0,0,0,0,0,0,0,0,0,0,0,1,0,0,0,0,1,0,0,0,0,0,0,0,0,0,0,0,0,0,0,1,1,4,11
3037,10710468,1,1,0,2,1,1,2,2,0,0,2,1,2,1,1,0,1,0,0,0,0,1,1,0,0,2,1,0,1,3,1,0,0,1,0,0,1,1,1,0,0,0,1,1,4,11
3038,10710468,0,0,0,0,0,0,0,0,0,0,1,0,0,1,0,0,1,0,0,1,0,1,0,0,0,0,1,0,0,1,0,0,0,0,0,1,1,0,3,0,0,0,2,1,4,11
3042,10710468,0,0,0,0,0,1,0,1,0,0,1,1,0,0,1,0,0,0,1,0,0,0,0,0,0,1,1,0,2,3,0,1,0,0,0,0,0,0,0,0,0,1,2,1,4,11
3048,10710468,0,0,0,0,0,1,0,1,0,0,2,0,1,0,0,1,1,0,0,0,0,0,1,1,0,1,0,1,0,1,0,0,0,0,0,0,0,0,1,0,0,1,1,1,4,11
3052,10710468,0,0,0,0,0,0,0,0,0,0,0,0,0,0,0,0,0,0,0,0,0,2,0,0,0,0,0,0,0,0,0,0,0,0,0,0,0,0,0,0,0,1,3,1,4,11
3056,10210440,0,0,0,0,0,0,0,0,1,0,1,0,1,0,0,0,0,0,0,0,0,0,1,1,0,1,1,0,1,2,0,0,1,0,0,0,0,0,0,0,0,2,1,1,3,11
3074,10210440,0,0,0,0,0,0,0,0,1,0,1,0,0,0,1,0,0,0,0,0,0,1,0,0,0,0,0,0,1,0,0,0,0,0,0,0,0,0,0,0,1,1,1,1,3,11
3085,10210719,3,3,2,1,2,3,2,3,2,0,3,2,2,3,2,0,2,0,1,0,1,2,3,1,3,2,3,3,2,1,3,0,1,1,2,1,0,0,0,0,0,0,1,1,3,12
3094,10210719,0,0,0,0,0,0,0,0,1,0,0,0,0,1,0,0,1,0,0,1,0,1,0,0,0,0,2,0,0,1,1,0,1,0,0,0,0,0,1,1,0,0,1,1,3,12
3113,12000166,0,0,0,0,0,0,0,0,0,0,1,1,0,0,0,0,0,0,0,0,0,0,0,0,0,0,0,0,0,0,0,0,0,0,0,0,0,0,0,0,0,0,1,1,3,12
3121,12000166,0,0,0,0,0,1,0,1,0,0,1,0,1,1,0,0,1,0,0,1,0,1,1,0,0,0,0,0,0,1,0,0,0,0,0,0,1,0,2,0,3,0,1,1,4,12
3128,12000166,0,0,0,0,0,0,0,1,0,0,0,0,0,0,0,0,0,0,0,0,0,0,0,0,0,0,0,1,0,0,0,0,0,0,0,0,0,0,0,0,0,1,1,1,4,12
3157,10210170,0,0,0,0,0,0,0,0,0,0,0,0,0,0,0,0,0,0,0,0,0,0,0,0,0,0,0,0,0,0,0,0,0,0,0,0,0,0,0,0,0,0,1,1,4,10
3213,11510539,0,0,1,0,0,1,0,1,0,0,0,1,1,0,0,0,0,0,0,0,3,0,1,0,0,0,0,0,0,0,0,0,0,0,0,0,0,0,0,0,0,0,2,1,4,11
3214,11510539,0,1,1,0,1,1,1,1,1,0,0,1,2,0,1,0,2,0,0,1,0,1,0,2,1,2,1,0,1,2,1,0,1,0,0,0,0,1,0,0,2,1,1,1,2,11
3220,11510539,0,0,0,0,0,0,0,0,0,0,0,0,1,0,0,0,0,0,0,0,0,0,0,0,0,1,0,0,0,0,0,0,0,0,0,0,0,0,0,0,0,1,1,1,3,11
3250,30830286,3,1,0,0,1,0,0,0,0,1,2,0,0,0,0,0,1,0,1,0,0,0,0,0,0,0,1,1,2,0,1,1,0,0,0,0,0,0,0,0,1,1,1,1,4,17
3269,20120338,1,1,0,0,0,0,1,0,1,0,1,1,0,0,0,0,1,0,0,0,1,0,0,1,1,0,0,0,1,1,0,0,2,1,0,0,0,1,0,0,0,2,1,1,3,14
3279,20120338,0,0,2,0,2,1,0,2,1,0,1,0,1,2,1,0,1,0,0,0,0,1,1,0,0,1,0,1,2,0,0,0,0,0,0,0,0,0,0,0,0,1,2,4,4,14
3288,20120338,2,2,1,0,1,0,2,1,1,1,2,0,0,0,0,1,1,0,0,0,0,1,2,2,1,2,2,0,0,0,0,0,1,0,0,0,0,0,0,0,0,2,2,1,2,14
3301,30130247,0,0,0,0,0,0,1,0,0,0,1,0,0,0,0,0,1,0,0,0,0,0,0,0,0,1,0,1,0,0,1,0,0,1,0,0,0,0,0,0,0,0,1,1,4,17
3307,30130247,0,0,0,0,0,0,0,1,0,0,0,0,0,0,0,0,0,0,0,0,0,1,0,1,1,1,1,0,0,0,0,0,0,0,0,0,0,0,0,0,0,3,1,1,3,17
3323,42000066,0,1,0,0,0,0,1,1,0,1,1,0,0,0,1,0,2,0,0,0,0,0,1,1,0,0,1,2,1,1,2,0,1,0,0,0,0,0,0,0,0,2,2,1,3,16
3327,42000066,0,0,0,0,0,0,0,0,0,0,0,0,0,1,0,1,1,0,0,1,1,1,1,1,1,0,1,0,0,0,0,0,1,0,0,0,0,0,1,0,2,0,4,4,4,16
3333,42000066,0,0,0,0,1,0,0,1,0,0,0,0,0,0,0,0,1,0,0,0,0,1,0,1,0,1,1,0,1,0,0,0,1,0,0,0,0,0,1,0,0,1,2,1,4,16
3347,21420201,0,2,0,0,0,0,0,0,0,0,0,0,0,0,0,0,1,0,0,0,0,0,0,0,0,0,0,0,0,0,0,0,0,0,0,0,0,0,0,0,0,1,1,1,3,13
3381,20320363,0,0,0,0,0,1,0,0,0,0,1,1,0,0,0,0,1,0,0,1,0,0,0,0,0,1,1,1,0,0,0,0,0,0,0,0,0,0,2,0,0,0,1,1,4,14
3383,20320363,1,0,0,0,0,0,0,0,2,0,0,0,0,0,0,0,1,0,0,0,0,0,0,0,0,0,1,0,0,1,0,0,0,0,0,0,0,0,0,0,0,0,1,1,3,14
3386,20320363,0,0,0,0,0,1,1,2,0,0,1,0,0,0,0,0,0,0,0,1,0,0,0,0,0,0,1,1,0,0,0,0,1,0,0,1,0,0,0,0,0,0,1,1,3,14
3403,31530324,1,1,0,0,2,0,2,1,1,0,1,1,1,1,1,0,2,0,0,0,0,0,0,0,1,1,0,0,1,1,1,0,0,1,0,0,0,1,1,0,0,0,2,1,4,17
3404,31530324,0,1,0,0,0,0,0,0,0,0,0,0,0,0,0,0,0,1,0,0,0,0,1,0,0,0,1,1,0,0,0,0,0,0,0,0,0,0,0,0,0,1,2,1,3,17
3416,31530324,0,0,0,1,0,1,0,1,0,0,1,0,0,0,0,1,0,0,1,0,1,0,1,0,0,1,0,1,2,0,1,0,0,1,0,0,0,1,0,0,0,0,1,1,2,17
3422,31530324,0,0,0,1,0,0,0,0,0,0,1,0,0,0,0,0,0,0,0,0,0,0,1,0,0,0,0,0,1,0,0,0,1,0,0,0,0,0,0,0,0,1,4,1,2,17
3429,41540185,0,1,0,0,0,0,0,0,1,0,0,0,1,0,0,0,1,1,0,0,0,0,0,1,0,0,0,0,0,0,0,0,0,0,0,0,0,0,0,0,0,1,4,1,3,17
3443,41540185,1,1,1,1,0,1,1,1,2,1,1,1,1,2,1,1,1,0,0,1,0,1,0,1,0,1,1,1,1,1,1,0,2,1,0,0,1,0,2,0,1,0,4,1,2,17
3454,41540185,1,1,2,1,1,1,1,1,0,1,1,1,1,2,1,2,3,2,0,1,0,1,1,2,1,1,3,1,1,1,1,0,3,2,0,0,0,1,3,0,2,3,4,4,3,17
3465,30230437,0,0,0,0,0,0,0,0,0,0,0,0,0,0,0,0,1,1,0,0,0,0,2,1,0,9,1,1,0,0,0,0,0,0,0,0,0,0,0,0,1,1,1,1,3,18
3472,30230437,1,0,0,1,0,1,1,1,1,0,2,2,0,3,1,1,1,0,0,1,0,1,2,1,1,0,2,2,1,0,2,0,3,1,0,0,0,1,1,0,0,2,1,1,3,18
3486,40240244,0,0,0,1,1,0,1,0,0,0,1,0,1,1,0,1,1,0,0,1,1,0,0,0,0,1,1,1,1,0,2,0,0,1,0,0,0,0,1,1,0,0,4,2,3,18
3488,40240244,0,0,0,1,1,1,2,1,1,0,0,0,1,1,0,0,1,1,0,1,0,1,2,1,0,2,1,2,2,2,2,2,1,2,1,1,1,1,0,0,0,2,3,1,3,18
3491,40240244,0,0,0,0,0,0,0,0,0,0,1,0,1,0,0,0,1,0,0,0,0,0,0,0,0,0,0,1,0,0,0,0,2,0,0,0,0,0,0,0,0,0,1,1,3,18
3508,40240244,0,1,0,0,1,0,0,1,1,0,1,0,2,1,0,0,1,0,0,0,0,1,1,0,0,1,0,0,0,1,1,0,0,0,1,0,0,1,1,0,0,2,2,1,4,18
3509,40240244,0,0,1,0,1,1,0,0,1,1,1,0,1,1,0,0,1,0,0,1,0,1,0,0,0,0,1,1,0,0,0,0,0,0,0,0,0,1,1,0,0,1,1,1,4,18
3512,40240244,0,1,0,0,0,0,0,1,0,0,0,0,0,1,1,0,1,0,0,0,1,0,1,1,0,0,1,0,0,0,0,0,0,0,0,0,0,0,0,0,0,0,2,2,3,18
3526,31530496,0,0,0,0,0,1,2,0,0,0,0,1,1,0,1,1,2,1,0,1,0,1,2,0,0,0,1,1,1,1,1,1,0,0,0,0,2,0,2,0,0,0,2,1,3,18
3533,31530496,0,0,1,0,0,0,0,0,1,0,0,0,0,1,0,0,0,0,3,1,0,1,2,1,0,1,1,1,0,0,0,1,0,1,1,0,0,1,2,0,1,1,2,1,3,18
3543,31530496,0,0,0,0,0,0,0,0,0,0,0,0,0,0,0,0,0,0,0,0,0,0,0,0,0,0,0,0,0,0,0,0,0,0,0,0,0,0,0,0,0,0,1,1,4,18
3557,41540088,0,0,0,0,0,0,0,1,0,0,0,0,0,0,0,0,1,0,0,0,0,1,2,1,0,0,1,1,1,1,2,0,0,0,0,0,0,0,0,0,1,2,1,1,3,16
3572,41540088,0,0,0,0,0,0,0,0,0,0,0,0,0,0,0,0,0,0,0,0,0,0,3,3,0,0,0,3,0,0,0,1,3,0,0,1,0,0,1,0,2,3,4,4,4,16
3578,30530112,1,1,0,1,1,1,0,0,1,1,1,1,1,1,0,1,1,1,1,1,0,0,0,0,0,0,1,1,0,0,0,0,0,0,0,0,0,0,2,1,0,3,1,1,2,16
3620,11210517,0,0,0,0,0,0,0,0,0,0,0,0,0,0,0,0,0,0,1,0,0,1,1,0,0,0,0,0,0,1,0,0,0,0,0,0,0,0,0,0,0,1,1,1,4,11
3623,11210517,1,1,3,3,1,0,3,3,3,2,1,0,1,3,2,1,2,0,1,1,0,2,0,3,1,0,1,2,1,1,1,1,2,2,1,1,0,3,3,1,0,2,1,2,1,11
3650,21220635,1,0,1,2,0,1,1,0,1,0,2,1,2,2,1,2,1,1,2,0,3,0,0,2,2,3,1,1,0,0,2,0,0,0,0,0,0,1,0,0,0,1,1,1,2,15
3652,21220635,0,0,0,1,0,0,0,0,0,0,1,0,0,0,0,0,2,0,0,0,0,1,0,1,0,0,1,1,0,0,1,0,0,0,0,0,0,0,1,0,0,0,1,1,4,15
3658,21220635,1,1,1,0,0,1,1,0,0,1,1,2,1,1,1,0,2,0,0,0,2,2,1,2,2,1,3,3,2,1,1,3,2,2,2,2,0,2,1,2,0,1,2,2,3,15
3659,21220635,0,1,0,1,1,0,1,0,0,0,0,0,1,1,0,0,1,0,0,0,0,0,1,0,0,0,0,0,1,1,1,0,0,1,0,0,0,1,2,0,0,0,1,1,3,15
3660,21220635,0,0,1,0,0,0,0,1,0,0,1,0,0,0,1,0,0,0,0,1,0,0,0,0,0,0,1,0,0,0,0,0,1,0,0,0,0,0,0,0,0,0,1,1,4,15
3673,21220635,0,0,0,0,0,0,1,1,0,0,1,1,1,0,0,0,1,0,0,0,0,0,0,0,0,0,0,0,0,0,1,0,0,0,0,0,0,0,1,0,0,0,1,1,3,15
3675,21220635,1,1,1,0,1,1,1,0,0,0,1,1,1,0,0,1,1,0,0,0,0,1,1,1,0,1,1,0,1,0,0,0,0,0,0,0,0,0,0,0,0,1,1,1,3,15
3688,11210798,0,0,0,1,1,1,0,0,0,0,0,0,1,0,0,0,2,0,0,0,0,0,0,0,0,0,0,0,0,1,0,1,0,0,0,1,0,0,1,0,0,0,1,1,4,12
3724,20520373,0,0,0,0,0,0,0,0,0,0,0,0,1,0,1,1,0,0,0,0,1,1,0,1,0,0,1,0,0,0,0,0,0,0,0,0,0,0,0,0,0,1,1,1,3,14
3726,20520373,0,0,0,0,0,0,0,0,0,0,0,0,0,0,0,0,0,0,0,0,0,0,0,0,0,0,0,0,0,1,0,0,0,0,0,0,0,0,0,0,0,1,1,1,3,14
3742,20520373,1,0,1,1,0,1,1,1,1,0,0,0,0,0,0,0,0,0,0,0,0,0,0,0,0,0,0,0,0,0,0,0,0,0,0,0,0,0,0,0,0,0,1,1,3,14
3754,21320197,1,0,0,2,1,1,1,0,2,1,2,0,0,0,1,1,1,2,2,0,3,0,1,0,0,1,2,0,1,0,2,0,0,1,1,0,0,1,0,1,2,1,1,1,4,13
3764,21320197,0,1,1,0,2,2,1,0,1,0,0,0,1,0,1,0,1,0,0,0,0,0,0,0,2,1,0,0,0,0,0,0,0,0,0,0,0,0,0,0,1,1,1,1,3,13
3766,21320197,0,0,0,0,0,0,0,1,1,0,1,1,1,0,0,0,0,0,0,0,0,0,0,0,0,0,0,0,0,0,0,0,0,0,0,0,0,0,0,0,0,1,1,1,4,13
3767,21320197,0,0,0,0,0,0,0,0,1,0,0,0,0,0,0,0,0,0,0,0,0,0,0,0,0,0,0,0,0,0,0,0,0,0,0,0,0,0,0,0,0,0,1,1,4,13
3771,21320197,0,0,1,2,0,1,0,0,1,0,0,0,1,1,0,0,1,1,0,1,0,1,0,1,1,0,1,1,2,3,1,1,0,0,0,0,1,1,1,0,1,0,1,1,3,13
3773,21320197,0,1,0,0,0,0,0,0,0,0,1,0,1,0,0,0,1,0,0,0,0,0,0,1,1,0,1,1,0,0,0,0,1,0,0,0,0,0,0,0,0,0,1,1,3,13
3775,21320197,0,0,0,1,1,1,1,1,1,1,1,0,1,1,0,0,1,0,0,1,0,0,0,0,0,1,1,0,1,1,2,0,0,0,0,0,0,1,1,0,0,0,1,1,3,13
3781,21320197,0,1,0,1,0,1,1,0,1,0,0,0,0,1,0,0,1,1,0,1,1,0,0,0,0,1,1,0,0,0,0,0,0,0,0,1,0,0,0,0,0,1,1,3,2,13
3784,21320197,0,0,0,0,0,0,1,0,0,0,1,0,0,0,0,0,1,0,0,0,0,0,1,0,0,0,0,0,0,0,0,0,0,1,0,0,0,0,0,0,0,0,1,1,3,13
3787,21320197,0,1,0,2,0,0,0,1,1,0,1,0,0,0,0,1,0,0,0,0,0,0,0,0,0,1,0,0,0,3,1,0,0,0,0,0,0,1,0,0,0,0,1,1,4,13
3796,41240271,0,2,2,0,0,2,1,1,0,0,0,1,1,2,0,1,1,0,1,1,0,1,1,0,2,1,1,0,3,1,0,0,0,0,0,0,0,0,2,0,0,2,4,4,4,18
3816,11210248,0,0,1,1,1,0,0,1,0,1,1,0,1,1,1,0,1,0,0,0,0,2,0,1,1,9,1,1,1,1,0,1,0,1,0,0,0,0,1,0,1,0,1,1,4,10
3817,11210248,0,0,0,0,0,0,0,0,0,0,1,0,2,0,0,0,0,0,0,0,0,0,2,9,1,0,0,1,1,0,0,0,0,0,0,0,0,0,0,0,0,0,1,1,4,10
3826,11210248,0,1,2,1,1,1,1,0,1,0,1,1,1,1,0,0,1,0,0,1,0,0,1,0,0,0,0,0,0,0,0,0,0,1,0,1,0,0,0,0,0,3,1,1,4,10
3835,40540060,0,1,0,1,0,0,0,1,0,1,1,0,0,0,0,0,1,0,0,0,0,0,1,0,0,0,3,0,0,2,1,0,1,0,0,0,0,0,1,0,0,0,2,1,3,16
3840,40540060,1,1,0,2,0,1,1,0,1,0,1,0,1,2,0,0,2,0,0,0,3,2,1,1,1,1,3,2,3,2,2,1,2,0,0,0,1,1,1,0,1,2,4,4,3,16
3845,40540060,0,0,0,0,0,0,0,0,0,0,1,0,0,0,0,1,1,0,0,1,0,0,0,0,1,0,2,0,0,0,0,0,1,0,0,0,0,0,1,0,0,1,3,1,3,16
3856,40540060,0,1,0,0,0,0,0,0,1,0,0,1,1,0,1,1,1,1,0,0,1,1,1,1,1,1,0,1,1,1,1,1,0,1,1,1,1,1,1,0,0,3,1,1,3,16
3906,30730119,0,0,0,0,0,0,0,1,0,0,1,0,0,1,0,0,1,1,1,0,0,0,1,0,0,0,0,0,1,0,0,0,0,0,0,0,0,0,0,0,0,1,1,1,3,16
3931,40340054,0,0,0,0,0,0,0,1,0,0,1,0,0,0,0,0,0,0,0,0,0,0,0,0,0,0,0,0,1,0,0,0,0,0,0,0,0,0,0,0,0,1,1,1,4,16
3947,40340054,0,0,0,0,0,0,0,0,0,0,0,0,0,0,0,0,0,0,0,1,0,0,0,0,0,0,0,0,0,0,0,0,0,0,0,0,0,0,1,0,0,0,1,1,4,16
3949,40340054,0,1,2,2,1,3,0,0,1,0,1,1,1,0,2,1,2,1,2,1,1,2,1,0,2,0,1,2,1,0,3,3,0,0,0,3,0,0,2,0,0,0,4,4,1,16
3974,40340152,0,1,2,0,0,0,0,0,0,0,0,0,0,0,0,0,0,0,3,0,0,2,0,2,0,0,0,0,0,0,0,0,0,0,0,0,0,0,0,0,0,0,4,1,3,17
3975,40340152,0,0,0,0,0,0,0,0,1,0,0,1,1,1,0,0,1,0,0,0,0,0,0,0,0,1,1,1,0,1,0,0,0,0,0,0,0,0,1,0,0,0,2,1,3,17
3976,40340152,1,1,2,1,0,1,0,1,1,1,1,0,1,1,1,2,1,0,1,1,0,0,0,1,0,1,1,0,2,1,0,0,0,3,0,0,0,1,1,0,0,0,4,2,3,17
3985,40340152,0,1,0,0,0,0,1,0,0,1,1,1,1,1,0,0,1,0,0,0,0,0,0,0,0,0,0,0,1,0,0,0,0,0,0,0,0,0,0,0,1,0,1,1,1,17
3997,31430160,2,2,2,3,0,1,3,1,3,3,2,2,3,2,3,1,2,1,0,2,0,1,2,1,3,3,3,3,3,1,2,3,0,2,2,3,0,2,3,2,0,0,1,1,3,16
3998,31430160,1,1,1,1,1,1,1,1,1,1,2,1,0,2,1,2,1,1,1,1,0,1,0,1,2,2,1,2,1,2,2,1,0,1,1,0,0,1,2,0,1,0,1,1,2,16
4005,31430160,0,0,1,0,0,0,1,1,1,0,1,1,2,0,1,1,0,1,0,1,0,1,0,1,0,0,1,1,0,1,1,0,0,0,0,0,0,0,1,0,1,1,3,1,4,16
4009,31430160,1,0,0,0,0,1,1,0,0,0,1,0,1,0,1,0,1,0,0,1,0,1,0,0,1,1,0,0,0,0,0,0,0,0,0,0,0,0,0,0,0,0,4,4,2,16
4027,31430160,0,1,1,0,1,1,1,2,1,0,1,1,1,3,0,0,1,0,3,0,0,0,0,0,1,1,0,1,1,0,1,0,1,0,0,0,0,1,0,0,0,2,2,2,4,16
4028,31430160,0,1,0,2,1,0,2,0,0,3,0,1,0,2,0,0,1,0,0,2,1,0,0,0,0,1,1,1,0,0,0,1,0,1,1,1,1,0,0,0,1,0,1,1,3,16
4034,11410528,0,0,0,0,0,1,0,0,1,0,0,0,1,0,0,0,1,0,0,1,0,0,0,2,0,0,0,1,0,1,0,0,1,0,0,1,0,0,0,0,0,1,2,1,3,11
4052,11410528,0,1,0,0,0,1,2,2,0,0,1,0,1,2,1,0,2,0,1,0,0,0,0,0,1,0,0,1,1,1,1,0,0,0,0,0,0,0,0,0,0,0,1,1,3,11
4073,21420642,0,1,0,2,1,2,1,1,1,3,1,1,1,0,1,0,1,0,0,0,0,1,0,0,0,1,0,0,1,1,0,0,0,0,1,0,1,1,0,0,0,0,2,1,3,15
4089,21420642,0,0,0,0,0,0,0,0,0,1,1,0,1,0,0,0,0,0,0,1,0,1,0,0,0,0,0,1,1,2,1,0,0,0,0,0,0,1,1,0,1,0,1,1,2,15
4139,30730282,0,1,0,1,0,0,0,0,0,0,1,0,0,0,0,0,1,0,0,0,0,0,1,0,0,1,1,0,0,0,0,0,2,0,1,0,0,2,0,0,0,0,1,1,3,17
4160,31530164,0,1,0,0,0,0,1,1,1,0,0,1,1,0,1,0,1,0,0,0,0,1,0,1,0,0,1,1,0,0,0,0,0,0,0,0,0,0,0,0,1,1,3,1,3,16
4163,31530164,2,1,0,1,0,0,2,2,0,0,1,1,0,0,0,0,1,2,1,0,2,2,1,0,1,3,2,2,0,2,2,1,1,0,0,0,1,1,3,0,0,2,4,1,3,16
4167,31530164,0,1,0,1,0,0,0,1,0,0,1,0,0,0,0,0,1,1,1,0,1,1,0,1,1,0,1,1,0,0,0,0,0,0,0,1,0,0,0,0,0,1,2,1,2,16
4172,31530164,0,0,0,0,0,0,0,0,0,0,1,1,1,0,1,1,1,1,0,0,0,0,0,1,0,0,1,1,1,0,1,0,0,0,0,0,0,0,1,0,1,1,1,1,2,16
4190,31530164,0,0,0,0,0,0,1,1,0,0,1,0,1,0,1,0,0,0,0,0,1,0,0,0,2,0,0,0,0,0,0,0,0,0,0,0,0,0,0,0,1,0,1,1,4,16
4219,32000026,0,0,0,1,0,0,1,0,0,0,0,0,1,1,1,2,1,0,0,0,0,0,0,0,1,1,0,0,0,0,0,0,1,0,0,1,0,0,0,0,1,1,1,1,3,16
4230,32000026,1,1,0,1,0,1,1,0,1,0,2,1,2,1,0,0,2,0,0,1,1,1,1,0,1,1,1,1,1,2,2,0,0,0,1,0,1,1,2,1,2,0,1,1,2,16
4269,40740257,1,1,2,2,0,0,0,0,1,0,1,0,2,0,1,0,1,1,0,1,0,1,0,0,1,0,2,0,1,1,2,0,1,0,0,0,0,0,0,0,0,0,4,4,3,18
4271,40740257,1,1,2,2,1,1,2,1,1,1,3,1,1,1,1,0,2,0,0,0,0,1,0,1,1,2,1,1,1,2,2,1,1,2,1,1,0,0,1,0,0,0,4,4,2,18
4275,40740257,0,1,0,0,0,1,0,0,0,0,0,0,0,1,1,0,1,0,0,1,0,0,0,2,1,0,0,0,0,1,0,0,0,0,0,0,0,0,1,0,0,0,2,1,4,18
4301,40740161,0,1,1,2,1,1,2,3,1,0,1,0,1,1,1,1,1,0,0,1,0,1,1,0,1,1,1,0,2,1,0,0,2,1,1,0,0,0,0,0,0,3,4,4,2,17
4302,40740161,0,0,0,0,0,0,0,0,0,0,2,1,1,1,0,0,1,0,0,0,0,1,0,2,1,0,1,0,2,0,1,0,0,0,0,0,0,0,1,0,0,2,1,1,3,17
4304,40740161,0,0,0,0,0,1,0,0,0,0,1,0,0,0,0,1,1,0,0,0,0,1,1,1,1,1,1,1,1,0,0,0,0,0,0,0,0,1,1,0,0,0,2,2,2,17
4336,20820392,0,1,1,0,0,0,1,0,1,0,0,0,1,1,1,0,0,0,0,0,0,1,0,1,0,0,2,0,1,0,1,0,0,0,0,0,0,0,1,0,0,1,1,1,3,14
4337,20820392,0,0,0,0,0,0,0,0,0,0,1,0,0,0,0,0,0,0,0,0,0,1,1,1,0,0,1,0,1,0,0,1,0,0,0,1,0,0,0,0,0,0,1,1,4,14
4356,10410450,1,0,0,1,0,0,0,0,1,1,1,0,0,0,0,0,0,1,0,0,0,0,0,0,0,0,1,0,0,0,0,0,0,0,0,0,0,0,0,0,0,0,1,1,3,11
4359,10410450,1,1,1,1,1,1,1,1,1,1,1,1,1,1,1,2,2,0,0,0,0,0,0,0,1,0,1,1,1,1,1,0,0,0,1,0,0,0,0,0,0,1,1,1,3,11
4361,10410450,0,0,1,0,0,1,1,1,0,0,1,0,1,0,0,0,1,0,0,0,0,0,0,0,0,1,0,0,1,1,0,0,0,0,0,0,0,1,0,0,0,0,1,1,3,11
4368,10410450,0,0,0,0,0,0,0,0,0,0,0,0,0,0,0,0,0,0,0,0,0,0,0,0,0,0,0,0,0,0,0,0,0,0,0,0,0,0,0,0,0,0,1,1,4,11
4383,30130428,3,2,2,3,0,3,3,3,2,2,2,1,1,3,2,0,2,2,1,0,1,0,0,0,3,3,2,3,2,0,3,3,1,1,2,3,2,3,0,1,0,2,4,4,3,18
4403,30130428,0,0,0,0,1,0,1,1,0,0,0,1,0,0,0,0,0,0,1,0,1,0,0,0,0,0,1,0,1,0,0,0,0,0,0,0,0,0,0,0,1,0,1,1,2,18
4414,30130428,1,0,0,1,0,1,1,1,1,0,1,1,0,0,0,1,1,0,0,0,0,1,1,0,2,0,0,1,0,0,1,0,0,0,0,0,0,0,0,0,0,1,4,1,2,18
4426,10810752,1,1,1,1,1,1,1,1,1,0,1,1,1,2,1,0,1,1,0,1,0,0,0,0,1,1,1,1,1,0,1,0,0,0,0,0,0,1,2,0,0,1,1,1,1,12
4436,10810752,0,0,0,0,0,0,1,0,0,0,0,0,0,0,0,0,1,1,0,0,0,0,0,0,0,0,0,0,0,0,0,0,0,0,0,0,0,0,0,0,0,1,1,1,3,12
4440,10810752,0,0,0,0,0,1,0,1,0,0,0,0,0,0,0,0,0,1,0,0,0,0,0,0,0,9,1,0,0,0,0,1,0,0,0,1,0,0,0,0,1,1,1,1,2,12
4461,30130249,0,1,1,1,0,1,1,2,1,1,1,0,1,1,2,1,1,0,0,1,0,2,1,1,1,0,3,0,3,3,2,1,2,0,0,2,0,0,1,0,2,2,4,1,3,17
4466,30130249,0,0,0,1,0,0,1,1,1,0,1,1,1,1,1,0,2,0,0,1,0,1,0,0,0,0,2,2,1,1,0,0,0,0,0,1,0,0,1,0,0,1,3,1,3,17
4480,30130249,0,1,2,1,1,0,0,2,0,1,1,1,1,1,1,0,1,0,0,0,0,1,1,0,1,1,1,1,1,1,1,0,0,0,0,0,0,0,0,0,0,1,2,1,3,17
4506,30830469,1,0,2,0,0,0,2,0,0,0,0,0,0,0,0,0,0,0,0,0,0,0,1,0,0,0,0,1,1,1,1,0,0,0,0,0,0,0,0,0,0,1,1,1,4,18
4514,30830469,0,0,0,0,0,0,0,0,0,0,0,0,0,0,0,0,0,0,0,0,0,0,1,1,0,0,0,0,1,0,0,0,0,0,0,0,0,0,0,0,1,1,1,1,4,18
4515,30830469,0,2,1,1,1,1,1,1,0,0,0,1,1,1,1,1,1,0,0,0,2,1,1,0,2,1,0,0,1,0,0,0,0,1,0,0,0,0,0,0,0,0,1,1,3,18
4523,10810761,0,0,0,0,0,0,0,0,0,0,0,0,0,0,0,1,0,0,0,0,0,0,0,0,0,0,1,0,0,0,0,0,0,0,0,0,0,0,0,0,0,0,1,1,4,12
4532,10810761,1,0,0,0,1,1,0,0,1,0,0,1,1,0,0,2,1,0,1,0,1,1,1,1,0,1,0,0,0,0,0,0,0,0,0,0,0,0,0,0,0,2,1,1,3,12
4533,10810761,0,0,0,0,0,0,0,0,0,0,0,0,0,0,0,0,0,0,0,0,0,0,0,0,0,0,0,0,0,0,0,0,0,0,0,0,0,0,0,0,0,0,1,1,4,12
4573,20220573,0,0,0,0,0,0,0,0,0,0,0,0,0,0,0,0,0,0,0,0,2,1,1,1,1,2,0,0,1,1,0,0,0,0,1,1,0,0,0,0,0,1,2,1,2,15
4586,20220573,1,1,1,3,0,0,1,0,0,1,2,1,1,0,0,0,2,1,3,0,0,1,3,3,1,2,2,1,1,0,2,0,3,0,0,0,0,2,0,0,0,1,2,4,1,15
4602,20220135,0,0,0,0,0,0,0,0,2,0,1,0,0,0,0,0,1,0,0,1,3,1,1,2,2,1,1,1,1,1,1,1,1,0,0,0,0,0,0,1,0,1,1,1,4,13
4613,20220135,1,0,1,1,0,1,0,2,0,0,1,1,1,0,1,1,1,0,0,0,0,0,0,1,0,0,0,1,0,2,0,0,0,0,2,0,0,1,0,0,0,0,1,1,3,13
4624,30430444,0,0,0,0,0,0,0,0,0,0,1,1,0,0,0,1,2,2,1,0,2,0,2,1,2,2,2,2,1,3,2,2,0,0,0,1,1,0,0,0,1,3,4,4,2,18
4628,30430444,0,0,0,0,0,0,0,0,0,0,0,0,1,0,1,0,0,0,0,1,0,0,0,1,0,0,1,0,0,0,0,0,0,0,0,0,0,0,0,0,0,2,4,4,3,18
4644,30430444,0,0,0,0,0,0,2,1,0,0,1,0,0,1,1,0,1,0,0,0,0,1,1,1,1,1,0,0,1,1,0,0,1,0,0,0,0,0,1,0,0,1,2,1,4,18
4667,10810483,0,0,0,0,0,0,0,0,0,0,1,0,0,0,0,0,0,0,2,0,0,0,1,1,0,0,0,0,0,2,0,0,0,0,0,0,0,0,0,0,0,3,1,1,4,11
4673,10810483,0,0,0,0,0,0,0,0,0,0,0,0,0,0,0,0,0,0,0,0,0,0,0,0,0,0,0,0,0,0,0,0,0,0,0,0,0,0,0,0,0,0,1,1,4,11
4675,10810483,0,0,0,1,0,0,0,1,0,1,1,1,0,0,0,0,1,1,0,0,0,0,0,0,1,0,1,0,0,0,0,0,0,0,0,0,0,0,2,0,0,0,1,1,1,11
4706,20920622,0,1,0,1,1,2,1,0,0,0,1,0,1,2,0,0,2,0,0,0,0,1,1,0,1,2,1,0,3,0,1,0,0,1,2,0,0,1,0,0,1,2,1,1,2,15
4723,30830287,0,1,0,1,0,0,0,0,1,0,0,0,1,0,0,0,1,0,0,0,0,0,0,0,0,1,1,1,1,1,1,1,1,0,1,0,1,1,0,0,0,0,1,1,3,17
4740,30830287,1,1,1,1,1,1,1,0,1,0,0,0,1,1,1,0,1,0,1,1,0,1,1,0,1,1,0,1,1,0,0,0,0,1,0,0,0,0,1,0,2,2,2,1,3,17
4746,30830287,2,1,0,1,0,0,1,1,0,0,1,1,1,0,0,0,0,0,0,0,0,0,1,1,0,1,0,0,0,1,0,0,0,0,0,0,0,0,1,0,0,0,1,1,2,17
4763,30830287,0,1,1,0,0,1,1,1,2,0,0,0,1,1,1,1,0,0,0,0,0,2,0,3,1,1,2,1,1,1,1,0,0,1,2,0,1,1,0,1,2,2,1,1,3,17
4768,30830287,0,1,0,0,0,0,0,1,1,1,1,1,2,0,0,1,1,0,0,1,0,1,0,3,2,1,0,0,0,2,1,0,0,3,1,0,0,1,3,0,0,0,1,1,3,17
4770,31130483,0,0,0,2,0,1,1,0,0,0,3,2,2,1,0,1,2,0,0,0,0,1,1,3,1,1,0,0,1,0,1,0,0,1,0,0,0,2,3,0,1,0,4,4,3,18
4778,31130483,1,1,2,1,1,1,1,1,1,0,2,0,1,2,1,0,2,0,0,1,0,2,0,3,1,3,3,1,1,2,1,0,1,0,2,1,1,1,2,1,1,2,3,1,3,18
4785,31130483,0,0,0,0,1,1,1,0,0,0,0,0,0,1,0,0,0,0,0,0,0,1,0,1,0,0,0,0,0,1,0,0,2,0,0,0,0,0,0,0,0,0,1,1,4,18
4802,31130483,2,1,2,0,0,1,1,1,1,3,1,2,1,1,1,0,2,1,0,0,0,1,1,0,2,1,1,1,1,1,2,0,1,1,0,0,0,1,1,1,0,2,1,1,2,18
4803,31130483,0,0,0,0,0,0,0,0,1,0,1,1,0,0,0,0,2,0,0,0,0,0,0,1,1,0,1,0,0,0,1,0,1,0,0,0,1,1,0,0,0,3,1,1,3,18
4826,12000051,0,0,1,0,0,0,0,0,0,0,0,0,0,0,1,0,0,1,0,0,0,0,0,0,0,0,1,0,0,1,0,0,0,0,0,0,0,0,0,0,0,1,1,1,3,11
4829,12000051,0,2,0,1,1,1,1,2,0,0,0,0,0,0,0,0,1,1,1,2,0,0,0,1,0,0,0,0,2,2,1,0,0,0,0,0,0,0,1,0,0,1,1,1,4,11
4836,41140174,0,0,0,0,1,1,1,0,1,0,0,0,0,1,0,0,0,1,1,0,0,0,0,0,0,0,0,0,0,0,1,0,2,0,0,0,0,0,0,0,0,0,2,3,2,17
4860,41140174,0,0,2,1,0,0,1,2,1,2,2,1,0,2,0,0,1,0,0,1,0,1,0,1,1,0,1,1,2,0,0,0,0,0,0,0,1,0,1,0,0,0,2,1,3,17
4873,30630453,1,0,0,2,0,0,1,1,0,0,2,1,0,0,1,1,1,0,0,0,0,2,0,1,1,0,1,0,0,0,0,0,0,0,0,0,0,1,0,0,0,0,3,2,2,18
4879,30630453,0,1,1,1,1,0,1,1,0,0,2,1,1,0,1,0,1,2,0,1,0,0,0,0,2,1,0,0,1,0,2,0,0,1,0,0,0,1,2,0,0,0,1,1,3,18
4885,30630453,0,1,0,1,0,0,1,0,0,0,0,1,1,1,1,1,1,1,0,0,0,1,1,2,3,1,2,0,0,0,1,0,0,0,0,0,0,0,2,0,1,1,1,1,2,18
4892,30630453,0,0,0,2,1,1,1,0,1,0,1,1,1,0,0,0,0,0,1,1,1,0,1,1,1,1,1,0,2,2,2,1,1,1,1,1,1,1,1,1,1,1,2,1,3,18
4908,10810203,0,0,0,0,0,0,0,0,0,0,0,1,0,0,0,0,0,0,0,0,0,0,0,0,0,0,0,0,0,1,0,0,0,1,0,0,0,0,0,0,0,0,1,1,4,10
4912,10810203,0,1,1,1,1,2,0,1,1,1,1,1,1,2,1,0,1,0,0,0,0,1,2,1,1,2,1,1,0,3,0,0,1,1,0,0,0,1,0,0,0,3,1,1,3,10
4940,30830461,2,2,2,1,2,3,1,1,2,1,1,2,1,1,1,2,0,0,0,1,0,1,0,1,2,2,2,1,0,0,2,1,0,1,2,1,1,3,3,1,1,1,1,1,3,18
4971,32000121,1,1,0,1,0,0,1,1,0,0,1,0,1,1,1,1,3,0,0,0,0,1,0,0,1,1,1,1,0,0,0,0,0,0,0,0,0,0,1,0,1,0,1,1,2,18
4986,32000121,0,0,0,0,1,1,0,3,1,0,0,0,0,1,0,0,1,1,1,0,0,0,0,0,0,0,0,0,1,0,1,0,0,0,0,0,0,0,0,0,0,0,1,1,4,18
4993,42000052,1,1,0,1,0,0,1,1,0,0,2,2,1,1,0,1,2,1,0,1,0,1,0,1,1,0,1,1,0,1,0,0,1,1,0,0,0,1,0,0,2,1,3,1,2,16
4997,42000052,0,0,0,0,0,0,0,0,0,0,0,0,0,1,0,0,0,0,0,0,0,0,0,0,0,0,1,0,0,1,0,1,0,0,0,1,0,0,1,0,0,0,3,4,4,16
5007,42000052,0,1,2,0,1,1,1,1,1,0,1,0,1,1,0,0,0,0,1,1,1,1,1,0,1,1,0,1,1,2,2,0,0,1,2,0,2,1,2,0,0,3,1,1,4,16
5010,42000052,0,0,0,2,0,1,1,0,0,1,1,0,1,0,1,1,2,0,0,1,0,2,1,1,0,0,1,0,0,0,0,0,1,1,0,1,0,0,2,0,0,1,1,1,1,16
5024,31030143,0,0,0,0,0,1,1,0,1,0,0,0,1,0,1,0,1,0,0,0,0,0,0,0,2,0,1,0,0,1,1,1,0,0,0,0,0,0,0,0,0,2,1,1,3,16
5057,31030143,0,0,0,0,0,1,0,0,0,0,0,0,1,0,0,0,1,0,0,0,0,1,0,2,0,0,1,2,1,0,0,0,1,0,0,0,0,0,0,0,0,1,1,1,4,16
5070,31230310,0,1,1,1,0,0,1,1,0,0,1,0,1,1,2,0,1,2,1,1,1,0,0,0,1,0,0,0,1,0,0,0,0,0,0,0,0,1,1,0,2,2,3,1,2,17
5071,31230310,1,1,1,1,1,2,2,1,1,0,1,1,2,0,1,0,1,0,0,1,0,1,1,2,1,2,3,0,0,2,1,0,0,0,0,0,0,1,3,1,0,1,2,1,3,17
5080,31230310,1,1,1,1,0,0,2,1,0,0,2,0,0,1,0,1,1,0,0,0,0,2,0,0,2,1,0,1,0,0,3,0,0,0,0,0,0,3,0,0,0,0,2,1,1,17
5106,11210797,0,0,0,0,1,1,0,0,0,0,1,0,0,1,0,0,0,1,0,0,0,0,1,1,0,0,0,0,1,1,1,0,0,0,0,0,0,0,1,0,0,1,1,1,3,12
5113,11210797,0,0,0,0,0,0,0,1,2,0,1,0,1,1,0,0,1,0,0,0,0,0,0,0,0,0,1,0,3,1,0,1,0,0,0,3,0,0,0,0,3,0,1,1,3,12
5117,11210797,0,0,0,0,0,0,0,0,0,0,0,0,0,0,0,0,1,0,2,0,0,0,0,0,0,1,0,0,0,1,0,0,0,0,0,0,0,0,0,0,0,0,1,1,4,12
5119,11210797,0,0,0,0,0,0,0,0,0,1,0,0,1,0,1,0,1,0,0,0,0,0,0,0,0,0,0,0,1,1,0,0,0,0,0,0,0,0,1,0,0,0,1,1,2,12
5126,21220192,0,0,0,1,0,0,0,0,0,0,1,0,1,0,0,0,1,0,0,0,0,0,1,0,0,0,0,0,1,0,0,0,0,0,0,0,0,0,0,0,0,0,1,2,4,13
5144,21220192,0,0,0,0,0,0,0,0,0,0,0,0,0,0,0,0,0,0,0,0,0,0,0,1,9,0,1,0,1,0,0,0,0,0,0,0,0,0,0,0,0,1,1,1,2,13
5145,21220192,0,0,0,0,0,0,0,1,0,0,0,0,0,0,0,0,0,0,0,0,0,0,0,0,1,1,0,0,0,0,0,0,0,0,0,0,0,0,0,0,0,0,1,1,3,13
5147,21220192,0,0,0,0,0,0,0,0,0,0,0,0,0,0,0,0,1,0,0,0,0,0,0,0,0,0,0,0,0,1,0,0,0,0,0,0,0,0,1,0,0,0,1,1,4,13
5158,31230151,1,0,0,0,0,0,1,0,0,0,0,1,0,3,0,2,2,0,0,0,0,0,0,0,1,2,0,1,0,0,0,0,2,0,0,0,0,0,0,0,0,0,4,1,1,16
5216,21020184,1,1,1,0,1,2,2,1,1,0,2,0,1,1,1,1,1,0,0,0,0,1,1,1,1,2,0,1,2,1,1,0,0,1,1,0,1,1,1,0,0,1,1,1,2,13
5228,21020184,1,0,0,0,0,0,0,1,0,0,1,0,0,0,0,0,1,0,0,0,0,0,0,1,0,0,0,1,0,0,0,0,0,0,0,0,0,0,0,0,1,1,1,1,4,13
5233,21020184,0,0,0,0,0,0,0,1,0,0,0,0,0,1,0,0,0,0,0,0,0,1,0,0,0,0,0,1,0,0,0,0,0,0,0,0,0,0,1,0,0,0,1,1,4,13
5238,41040266,1,1,0,0,0,1,0,0,0,0,1,0,0,0,0,0,1,0,0,0,0,0,0,1,0,0,1,1,0,0,0,0,0,0,0,0,0,0,0,0,0,0,2,2,4,18
5268,20620378,0,0,0,1,0,0,0,0,0,0,0,0,0,0,1,0,1,0,0,0,0,0,1,1,1,0,1,0,0,0,1,0,0,0,0,0,0,1,0,0,1,0,1,1,3,14
5280,20620378,0,1,0,0,0,1,0,0,0,0,1,0,1,0,1,0,2,0,0,0,1,1,1,0,0,0,1,0,1,0,0,0,0,0,0,0,0,0,0,0,0,1,2,1,3,14
5282,20620378,0,1,2,2,1,0,1,1,2,0,1,0,1,1,1,1,1,0,0,1,0,1,1,1,1,1,1,1,1,1,1,0,0,2,1,0,2,1,2,2,0,1,1,1,2,14
5290,20620378,2,1,0,3,0,0,0,0,0,0,2,1,0,1,0,0,0,0,0,1,0,0,0,0,1,2,0,1,2,0,1,2,3,2,2,1,0,2,3,1,1,0,1,1,4,14
5293,21020414,2,3,1,2,3,1,3,1,0,1,0,1,2,3,1,3,2,0,3,1,0,1,0,3,0,0,0,0,0,3,1,0,0,0,0,0,0,0,0,0,0,3,1,1,1,14
5303,21020414,0,0,0,0,0,0,0,1,0,0,0,0,0,0,0,0,0,0,0,0,0,1,0,0,0,0,1,0,0,0,1,0,0,0,0,0,0,0,0,0,1,1,1,1,3,14
5307,21020414,1,2,2,0,1,1,3,2,2,0,2,1,2,3,1,2,1,1,1,0,2,1,0,0,1,3,0,0,0,0,1,0,1,3,0,0,0,0,0,0,2,0,1,1,2,14
5320,21020414,0,0,1,0,0,1,0,0,0,0,1,0,0,1,0,0,1,0,0,0,0,1,0,0,0,0,1,0,0,0,0,0,0,0,0,0,0,0,0,0,1,0,1,1,4,14
5328,30630116,0,1,2,0,0,0,1,2,0,0,0,0,0,0,0,1,2,0,0,1,0,0,0,0,0,0,1,0,0,0,0,0,0,0,0,0,0,0,1,0,1,0,1,1,4,16
5334,30630116,1,1,1,0,1,2,1,2,1,1,1,2,2,2,2,2,1,1,1,2,2,0,1,1,2,2,0,0,1,1,2,0,0,2,2,1,2,9,9,2,0,0,1,1,4,16
5397,31130148,1,1,0,1,0,0,1,0,0,1,1,0,0,1,0,0,1,0,0,0,0,0,0,0,0,0,1,0,0,0,0,0,0,0,0,0,0,0,0,0,0,1,1,1,3,16
5403,31130148,1,1,1,1,1,1,1,1,1,0,0,1,1,1,1,0,1,0,0,1,0,1,0,0,1,1,0,0,1,0,0,0,1,0,0,0,0,0,1,0,0,1,1,1,2,16
5445,11110244,1,0,1,1,1,0,2,1,1,0,1,0,1,1,1,1,1,2,0,0,2,0,0,1,0,1,0,0,1,1,1,0,0,1,0,0,0,0,0,0,0,1,1,1,3,10
5450,11110244,0,0,0,0,0,0,0,0,0,0,0,0,0,0,0,0,0,0,0,0,0,0,0,1,0,0,0,0,0,1,0,0,0,0,0,0,0,1,0,0,0,0,1,1,4,10
5457,11110244,3,2,1,1,1,1,1,2,1,2,2,1,3,1,1,1,1,1,3,1,0,0,1,0,1,1,2,1,1,2,0,0,0,1,0,1,2,1,3,0,1,2,1,1,3,10
5513,20720383,0,0,0,1,1,0,0,0,1,0,0,0,0,1,0,0,0,0,0,0,0,1,1,1,0,0,2,1,1,0,0,0,0,0,0,1,0,0,0,0,0,3,1,1,3,14
5542,21520209,0,1,0,1,1,1,1,0,0,0,1,0,1,0,0,0,1,1,0,0,3,0,0,1,0,0,2,1,0,0,0,0,0,0,0,1,0,0,2,0,0,0,1,1,3,13
5568,40240148,0,0,0,0,0,0,0,0,0,0,0,0,0,0,0,0,0,0,1,0,0,1,0,1,0,0,1,1,0,0,0,0,0,0,0,0,0,0,0,0,2,1,4,4,4,17
5569,40240148,0,0,0,0,0,0,0,1,0,0,0,0,0,0,1,0,0,0,0,0,1,0,0,0,0,0,1,1,1,1,1,0,0,0,0,0,0,0,0,0,0,1,3,1,4,17
5588,40240148,1,2,1,1,0,1,1,1,2,3,3,2,1,2,2,1,2,1,0,1,0,1,0,2,2,2,2,2,1,1,1,2,0,1,1,2,2,2,3,1,1,0,4,1,2,17
5597,32000061,0,1,2,0,0,1,0,0,0,0,1,0,1,0,1,0,1,0,0,0,0,0,0,1,0,0,0,1,0,1,0,0,0,0,0,0,0,0,0,0,0,1,1,1,3,18
5604,32000061,0,1,0,0,0,0,0,1,0,0,0,0,1,2,1,0,0,0,0,0,0,0,0,1,0,0,0,1,1,0,0,0,0,0,0,0,0,0,0,0,1,2,3,1,3,18
5606,32000061,0,0,0,1,0,0,0,0,0,0,0,0,0,0,0,0,2,0,0,0,0,0,0,0,0,0,0,0,0,0,0,0,0,0,0,0,0,0,0,0,0,0,1,1,4,18
5617,32000061,2,2,2,2,2,2,2,2,2,2,2,2,2,2,2,2,2,2,2,2,2,2,2,2,2,2,2,2,2,2,2,2,2,2,2,2,2,2,2,2,2,2,2,2,1,18
5622,32000061,0,0,0,0,0,0,0,1,0,0,0,0,0,0,0,0,0,0,0,0,0,0,0,0,0,0,0,0,0,0,0,0,0,0,0,0,0,0,0,0,0,0,3,1,4,18
5626,32000061,0,0,0,1,0,0,1,1,0,0,1,0,0,0,0,1,1,0,0,0,0,1,0,1,0,0,0,0,1,0,0,0,0,1,0,0,0,0,0,0,0,1,2,3,3,18
5635,31030480,0,0,1,0,1,0,1,1,0,0,1,0,0,1,0,0,1,0,0,1,0,0,0,1,1,0,2,1,2,0,1,1,2,0,0,1,0,1,2,0,0,3,2,1,3,18
5637,31030480,0,1,0,1,0,0,1,1,0,0,1,1,1,0,0,1,2,0,0,0,0,0,0,0,1,1,0,1,0,0,0,0,0,0,0,0,0,0,1,0,1,0,1,1,3,18
5651,31030480,3,1,0,1,2,0,3,1,1,3,1,1,2,1,1,0,2,0,0,0,1,1,1,0,0,2,0,0,2,3,0,3,2,1,0,0,0,3,0,0,1,3,1,1,1,18
5664,31030480,0,0,0,2,0,0,0,1,1,0,1,1,0,1,0,0,0,0,0,1,0,1,0,0,1,0,1,1,1,0,1,1,0,0,0,9,0,0,2,0,0,0,2,1,2,18
5667,31030480,1,0,2,3,2,3,2,2,1,0,3,2,0,3,0,0,0,0,0,0,0,0,0,0,1,0,0,0,0,2,2,1,0,0,0,0,0,0,0,0,0,0,4,1,3,18
5679,40640254,1,1,3,1,2,2,1,1,3,1,0,0,0,3,0,0,1,0,0,0,0,0,0,0,0,2,0,1,0,1,0,0,2,0,0,0,0,0,0,0,0,1,2,1,2,18
5701,22000092,0,1,0,1,0,1,2,1,1,0,1,1,0,1,0,1,1,0,0,0,0,0,0,1,1,1,0,0,0,0,2,0,0,0,0,0,0,1,0,0,2,0,1,1,4,14
5716,22000092,0,1,2,1,1,2,2,1,1,0,2,1,2,1,1,1,2,1,0,1,3,1,0,2,1,1,1,0,2,2,2,0,1,2,1,0,1,0,1,0,0,2,3,1,2,14
5742,21620444,1,2,1,1,0,0,3,2,1,1,2,0,2,2,1,0,1,0,0,0,0,0,0,0,0,0,0,0,1,1,0,0,0,1,0,0,0,1,0,1,0,1,1,1,4,14
5750,21620444,0,1,2,3,1,1,1,2,2,2,1,0,1,1,0,1,1,3,1,1,3,0,0,2,0,3,3,3,0,0,0,0,0,0,3,0,2,0,1,1,0,0,2,4,4,14
5751,21620444,1,1,0,1,0,0,1,0,2,1,1,0,1,0,0,0,1,0,1,1,0,0,0,1,0,0,0,1,2,0,0,0,1,0,0,0,0,0,0,0,2,1,1,1,3,14
5772,20120344,0,1,0,0,0,0,1,0,0,0,1,0,0,0,0,0,0,0,0,0,0,1,1,0,0,1,0,1,0,0,0,0,0,0,0,0,0,0,0,0,0,0,1,1,4,14
5777,20120344,0,1,0,1,0,0,0,0,1,0,1,0,1,0,1,0,1,0,0,0,0,0,0,0,0,0,0,0,0,1,0,0,0,0,0,0,0,1,0,0,0,0,1,1,4,14
5787,20120344,0,0,0,0,0,0,1,0,0,0,0,0,0,0,0,0,1,1,1,0,0,1,0,0,0,1,1,0,0,0,0,0,0,0,0,0,0,0,0,0,0,0,2,1,3,14
5809,20120121,1,1,1,2,1,0,0,1,1,0,0,2,1,0,0,0,1,1,0,0,0,0,0,0,1,1,0,0,0,3,0,0,1,0,0,0,0,1,1,0,0,0,1,1,2,13
5819,20120121,1,1,0,1,0,1,1,1,1,0,1,1,1,1,1,1,1,0,0,0,0,0,1,1,1,2,1,2,1,2,1,0,0,2,0,0,1,0,1,0,0,0,1,1,3,13
5820,20120121,0,0,0,0,0,0,0,0,0,0,1,0,0,0,0,1,1,1,0,0,0,1,0,0,0,0,0,0,0,0,0,0,0,0,0,0,0,0,0,0,0,0,1,1,4,13
5838,10110147,1,0,0,1,0,0,0,0,0,0,1,0,0,0,0,0,1,0,0,0,0,0,1,0,0,1,0,0,0,0,2,0,0,0,0,0,0,2,0,0,0,0,2,1,4,10
5851,10110147,0,1,2,2,0,3,0,3,0,3,1,0,2,3,0,1,3,1,3,0,1,2,3,3,3,0,0,0,1,0,0,0,1,0,0,1,0,0,2,0,1,3,3,1,4,10
5865,10110708,0,0,0,0,0,0,0,0,0,0,0,0,0,0,0,0,0,0,0,0,0,1,1,0,0,0,1,0,0,0,0,0,0,0,0,0,0,1,1,0,0,1,1,1,3,12
5876,10110708,0,2,1,0,0,2,1,1,1,0,0,0,1,0,0,0,0,0,0,0,0,1,1,1,0,2,0,1,1,0,0,0,0,1,1,0,0,0,0,0,0,2,1,1,3,12
5884,40940071,1,1,0,2,1,2,1,2,1,2,2,2,2,2,1,1,1,3,1,1,3,1,0,0,2,1,2,1,0,2,3,0,0,0,0,0,0,1,2,0,1,1,2,1,1,16
5885,40940071,1,2,2,3,2,2,2,1,2,1,3,2,3,3,1,1,2,2,0,0,3,1,0,1,1,2,1,2,1,2,3,2,1,1,1,0,1,2,1,0,0,2,2,1,1,16
5917,20820598,0,0,0,0,0,3,0,0,0,0,1,0,0,0,0,0,1,3,1,0,0,0,0,0,0,0,0,0,0,0,0,0,0,0,0,0,0,0,0,0,0,0,2,4,3,15
5919,20820598,0,1,1,1,1,1,1,1,0,0,0,1,1,1,1,1,0,0,0,0,2,0,0,0,0,0,1,0,0,0,0,0,0,0,0,0,0,0,0,0,1,0,1,1,3,15
5920,20820598,0,0,0,0,0,0,0,0,0,0,0,0,1,0,0,0,0,0,0,0,0,1,0,0,0,0,1,1,0,1,0,0,0,0,0,0,0,0,0,0,0,1,1,1,4,15
5932,20820598,0,0,0,0,0,0,0,0,0,0,1,0,0,0,0,0,0,0,0,0,0,0,0,1,0,0,0,1,0,0,0,0,0,0,0,0,0,0,1,0,0,0,1,1,3,15
5961,20820385,0,0,0,0,0,0,0,0,0,0,0,0,1,0,0,0,1,0,0,0,0,0,0,1,0,0,0,1,1,0,0,0,0,1,0,0,0,0,0,0,0,1,4,4,4,14
5962,20820385,0,0,2,2,0,0,3,0,0,0,2,0,0,0,0,0,0,0,0,0,0,0,0,0,0,0,0,0,0,0,0,0,0,0,0,0,0,0,0,0,0,3,1,4,4,14
5970,20820385,1,0,0,0,0,0,0,0,1,0,0,0,0,0,0,0,0,1,0,0,2,0,0,1,0,0,0,0,1,0,1,0,0,0,0,0,0,0,0,0,0,0,1,1,4,14
5983,12000017,0,0,0,0,0,0,0,0,0,0,0,0,0,0,0,0,1,0,0,0,0,0,1,0,0,1,0,1,0,1,0,0,0,0,0,0,0,0,0,0,0,0,1,1,4,10
5990,12000017,1,0,0,0,0,0,0,0,1,0,1,0,1,0,1,1,1,0,0,0,3,0,2,2,0,2,2,0,2,1,2,0,0,1,0,0,0,0,0,1,0,0,1,1,2,10
5998,12000017,0,0,0,0,0,0,1,0,0,0,1,0,0,0,1,0,1,2,1,0,0,1,0,0,1,0,1,0,0,0,0,0,0,0,0,0,0,0,1,0,0,0,1,1,4,10
6012,21420428,0,1,1,1,1,0,0,0,0,0,1,0,1,1,0,0,0,0,0,0,0,0,1,1,0,1,2,1,1,0,1,0,0,0,0,0,0,0,1,0,1,0,2,3,3,14
6018,21420428,0,0,0,0,1,1,0,0,0,0,1,0,0,0,0,0,1,0,0,0,1,0,1,1,0,1,0,0,1,0,0,0,0,0,0,0,0,0,0,0,0,1,2,1,4,14
6021,21420428,0,0,0,0,0,0,0,0,0,0,1,0,1,0,0,0,2,0,0,0,0,1,1,1,0,3,1,2,2,1,2,0,0,0,0,0,0,0,0,0,2,1,2,4,3,14
6036,20120112,0,0,0,0,0,0,0,1,0,0,1,0,2,0,0,1,1,0,0,0,2,1,0,1,1,9,0,0,0,0,1,0,0,0,0,0,0,0,1,0,0,0,2,2,3,13
6061,10810773,1,1,0,3,1,0,1,1,1,3,1,0,1,1,1,0,1,0,0,1,0,0,0,0,2,1,1,0,1,1,2,0,0,0,1,0,0,1,0,0,0,1,2,1,3,12
6072,10810773,0,0,0,0,0,0,0,0,0,0,0,0,0,0,0,0,1,0,0,0,3,0,0,1,0,1,0,0,2,1,1,0,0,2,0,0,0,0,0,0,0,2,1,1,3,12
6073,10810773,0,0,0,0,0,0,1,0,0,1,1,0,0,1,0,0,1,0,0,0,0,1,1,1,0,1,1,1,0,0,0,0,1,0,0,0,0,0,1,0,0,1,1,1,3,12
6076,10810773,0,0,0,0,0,0,0,0,1,0,0,0,0,0,0,0,0,0,0,0,0,0,0,0,0,1,0,0,0,0,0,0,0,0,0,0,0,0,0,0,0,1,4,1,4,12
6091,10810773,1,1,1,0,0,0,0,0,0,0,1,0,1,0,1,0,1,0,1,0,1,0,1,2,3,0,0,0,0,0,0,0,0,0,0,0,0,0,0,0,0,0,4,9,1,12
6093,20420145,1,0,0,1,1,1,1,1,3,1,1,1,1,0,0,0,0,3,0,1,0,2,2,2,0,2,0,2,0,3,2,0,0,3,2,0,2,3,3,0,3,3,4,2,3,13
6115,20420145,0,0,1,1,1,0,0,1,0,0,0,0,0,0,0,0,1,0,0,0,1,0,1,3,0,0,0,0,0,0,0,0,0,0,0,0,0,0,0,0,0,1,4,4,4,13
6124,20420145,0,1,0,3,0,0,0,0,0,0,1,0,1,0,0,1,1,2,0,0,0,0,0,0,0,0,2,0,0,0,0,0,0,0,0,0,0,0,0,0,0,0,1,1,1,13
6140,20820602,0,0,0,0,0,0,0,0,0,0,1,0,1,1,0,0,1,0,0,0,0,1,0,0,0,1,1,1,0,0,0,0,0,0,0,1,0,0,0,0,0,1,1,1,4,15
6154,20820602,0,0,0,1,0,0,2,0,0,0,1,0,0,1,0,0,1,0,0,0,0,1,0,0,0,1,1,0,0,1,0,0,0,0,0,0,0,0,0,0,0,0,1,1,4,15
6160,20820602,0,0,2,2,2,0,1,1,0,0,0,0,0,1,0,0,1,0,0,0,0,0,9,1,0,0,3,0,0,0,0,0,0,0,0,0,0,1,1,0,0,0,1,1,4,15
6182,10110428,0,0,0,0,0,1,0,1,0,0,0,0,0,0,0,0,1,0,0,0,0,0,0,0,0,0,0,0,0,0,0,0,0,0,0,0,0,0,0,0,0,1,1,1,4,11
6197,10110428,0,0,0,0,0,0,0,0,0,0,0,0,0,0,0,0,0,0,0,0,0,0,0,0,0,0,0,0,0,0,0,0,0,0,0,0,0,0,0,0,0,0,1,1,4,11
6198,10110422,0,0,1,0,0,1,0,1,0,0,0,0,1,1,3,0,1,1,0,0,0,0,0,0,0,0,0,0,0,0,0,0,0,0,0,0,0,0,0,0,1,1,1,1,1,11
6199,10110422,0,0,0,0,0,1,0,0,0,2,1,0,1,1,0,1,1,3,1,0,0,0,0,0,0,0,0,0,1,0,0,0,0,0,0,0,0,0,0,0,0,2,1,1,4,11
6207,10110422,0,0,0,0,0,0,0,0,0,0,1,1,1,0,0,0,0,0,0,0,0,0,0,0,0,0,1,0,0,0,0,0,0,0,0,0,0,0,0,0,0,0,1,1,4,11
6236,10810207,0,0,2,0,0,1,0,1,1,0,0,1,0,1,0,0,0,0,0,0,0,0,0,0,0,0,0,0,1,3,0,0,0,0,0,2,0,0,0,0,0,0,2,1,3,10
6258,30930300,0,0,0,1,0,0,0,0,0,0,1,0,1,0,1,0,1,0,0,0,0,1,1,1,0,1,0,0,0,1,1,0,0,1,1,0,1,1,0,0,0,0,1,1,3,17
6267,30930300,2,1,2,2,3,0,2,0,0,0,1,0,1,1,1,0,2,1,0,0,0,0,1,0,2,1,1,1,2,1,1,0,1,1,1,0,0,1,0,0,2,0,2,1,1,17
6268,30930300,0,1,1,0,0,1,2,0,0,0,0,0,0,1,0,0,1,0,0,0,0,0,0,0,0,0,0,0,0,0,0,0,0,0,0,0,0,0,0,0,0,0,2,1,4,17
6280,30930300,0,0,0,0,1,1,1,0,1,0,0,0,1,0,0,0,1,0,0,0,0,0,0,0,0,1,0,0,0,0,0,0,0,0,0,0,0,0,0,0,0,1,4,1,4,17
6350,20820603,1,1,2,1,1,1,1,1,1,1,0,1,1,1,0,0,0,0,0,0,0,0,0,2,0,2,1,2,0,0,0,0,0,0,0,0,0,0,0,0,0,2,3,1,4,15
6351,20820603,0,0,0,0,0,0,1,0,1,0,1,1,0,1,0,0,1,0,0,0,0,1,0,1,1,0,1,0,0,0,0,0,0,0,0,1,0,0,0,0,0,0,2,1,3,15
6374,20820390,0,2,0,2,0,3,1,0,0,0,2,0,2,0,0,3,2,2,0,0,0,0,1,0,1,2,0,0,0,0,0,0,1,0,0,0,0,1,0,0,0,0,1,4,3,14
6391,20820390,0,0,0,0,0,0,0,0,1,0,0,0,0,0,0,0,0,2,0,0,0,1,0,1,0,0,0,1,0,0,0,1,0,0,0,1,0,0,0,0,0,0,1,1,4,14
6398,30930477,0,1,2,1,1,1,1,2,0,0,1,0,1,1,1,0,0,0,0,0,0,1,0,1,1,1,2,1,0,2,0,0,0,0,0,0,0,1,0,0,0,0,1,1,2,18
6463,10410455,0,1,1,1,0,0,0,1,0,0,1,1,1,3,1,0,0,0,1,0,0,0,0,1,0,0,1,1,1,0,0,0,0,0,0,0,0,0,1,0,1,2,1,1,3,11
6471,10410455,0,0,0,3,1,2,0,0,2,0,1,1,1,0,0,3,1,0,1,0,0,0,0,0,1,0,1,0,0,1,0,1,0,0,0,1,0,0,0,1,1,1,1,1,1,11
6503,40940168,2,0,0,2,0,1,0,0,1,1,1,0,0,0,0,0,1,1,0,1,0,1,0,0,0,1,1,0,0,1,1,1,0,0,0,1,0,1,2,0,0,2,1,1,3,17
6514,20820172,0,0,0,1,2,0,2,0,0,0,2,1,2,0,1,1,2,1,2,0,0,1,0,2,1,3,1,3,1,0,0,0,0,1,3,1,0,1,2,0,3,1,1,4,1,13
6530,20820172,0,0,0,0,0,0,0,0,0,0,0,0,0,0,0,0,0,0,0,0,0,0,0,0,0,0,0,0,0,0,0,0,0,0,0,0,0,0,1,0,0,0,1,1,4,13
6540,20820172,0,0,0,0,0,0,0,0,0,0,0,0,0,1,0,0,1,0,0,0,0,1,0,0,1,0,0,0,1,0,0,0,0,1,0,0,0,0,0,0,0,2,1,1,4,13
6550,20820172,0,0,1,0,1,0,1,1,0,0,0,0,1,1,0,0,1,0,0,0,0,2,0,1,0,0,0,0,1,1,0,0,0,0,0,0,0,0,1,0,0,3,1,1,4,13
6557,20820167,0,0,0,0,0,0,0,0,0,0,1,0,0,0,0,0,0,0,0,0,0,0,1,0,0,0,0,1,0,0,1,0,0,0,0,0,0,1,0,0,2,0,1,1,4,13
6570,20820167,0,0,0,0,0,0,0,0,0,0,0,0,0,0,0,0,0,0,0,0,0,0,0,1,0,1,1,1,0,1,0,0,0,0,0,0,0,0,0,0,1,1,1,1,4,13
6576,20820167,0,0,0,0,0,0,0,0,0,0,0,0,1,0,0,0,0,0,0,0,2,0,0,0,0,1,0,0,0,0,0,0,0,0,0,0,0,0,0,0,0,1,1,1,4,13
6580,20820167,2,2,0,1,1,1,2,0,0,0,1,0,1,3,1,0,2,0,0,1,0,1,0,0,0,1,0,1,0,1,2,2,0,0,0,0,0,2,3,0,0,3,1,1,3,13
6589,31430320,1,1,2,3,1,0,1,1,0,0,2,0,2,1,1,0,1,0,0,0,0,0,1,0,1,1,1,1,0,0,1,1,2,0,0,0,0,1,0,0,0,1,2,1,3,17
6604,31430320,0,1,1,0,0,1,1,1,0,0,0,1,0,2,1,0,1,1,0,0,0,0,1,1,0,0,0,0,2,1,0,0,0,0,0,0,0,0,0,0,0,0,1,1,3,17
6631,11410258,0,0,0,0,0,0,0,0,0,0,0,0,0,0,0,0,0,0,0,0,0,1,0,0,0,0,1,0,1,0,0,0,0,0,0,0,0,0,0,0,0,0,1,1,4,10
6636,11410258,0,2,0,0,0,0,0,2,0,0,3,0,0,1,0,0,0,0,1,0,0,0,1,1,1,1,0,1,0,3,0,0,1,1,0,0,0,0,0,0,1,1,1,1,3,10
6640,11410258,0,0,0,0,0,0,1,0,0,0,1,0,0,0,0,1,0,1,0,0,0,0,0,1,0,0,1,0,0,0,0,0,1,0,0,0,0,0,0,0,1,1,1,1,3,10
6645,11410258,0,0,2,0,1,1,1,1,2,0,1,0,2,1,1,2,1,0,1,0,2,0,1,0,2,2,3,1,1,0,0,0,0,0,0,0,0,0,2,0,0,0,3,1,2,10
6665,10410730,0,0,0,0,0,0,0,0,0,0,1,1,0,0,0,0,0,0,1,0,0,0,0,1,0,0,0,0,0,0,0,0,0,0,0,0,0,0,0,0,0,0,2,1,4,12
6666,10410730,0,0,0,0,0,2,0,0,0,0,1,1,1,0,0,0,1,0,0,0,0,0,0,0,1,1,0,0,1,0,0,0,0,0,0,0,0,0,1,0,0,2,2,1,3,12
6669,10410730,0,0,0,0,0,0,1,0,1,0,1,1,1,1,0,0,1,0,0,1,0,1,1,2,1,2,2,1,2,2,2,1,0,1,1,2,2,3,3,1,1,2,2,1,2,12
6672,10410730,2,1,1,1,1,1,1,1,1,0,1,1,1,0,1,0,0,1,0,0,0,0,0,0,0,1,1,0,0,0,0,0,0,0,0,0,0,0,0,0,0,0,1,1,2,12
6676,10410730,0,0,1,3,0,3,0,0,0,3,2,0,1,1,1,0,2,0,0,0,0,0,1,0,1,2,0,1,1,9,0,0,0,0,0,0,2,2,2,0,0,2,1,1,4,12
6686,12000036,0,0,0,0,0,0,0,0,0,0,0,1,0,0,0,0,0,0,0,0,0,0,0,0,0,1,1,0,1,1,1,0,0,0,0,0,0,1,0,0,0,1,1,1,3,12
6708,12000036,0,0,0,0,0,0,0,0,0,0,0,0,0,0,0,0,1,0,0,0,0,0,0,1,0,0,0,0,0,0,0,0,0,0,0,0,0,0,0,0,1,1,1,1,4,12
6723,11610278,1,0,1,0,2,3,1,1,1,0,0,1,0,0,1,1,0,0,0,0,1,0,2,1,0,1,0,0,2,2,0,0,0,1,0,0,0,0,0,0,0,1,2,1,3,10
6739,11610278,0,0,0,0,0,0,0,0,0,0,0,0,0,0,0,0,0,0,0,0,0,0,0,0,0,0,0,0,0,0,0,0,0,0,0,0,0,0,0,0,0,1,1,1,4,10
6743,11610278,0,1,1,0,0,1,0,1,0,0,1,0,1,1,0,0,1,0,0,0,0,0,1,0,0,0,1,0,0,0,1,0,0,0,0,0,0,0,0,0,0,2,1,1,4,10
6750,41640278,0,0,0,2,1,0,1,0,0,0,1,0,0,1,0,1,1,0,0,0,0,1,0,1,1,1,1,0,0,0,0,0,0,0,0,0,1,0,0,0,0,2,2,1,3,18
6758,41640278,1,1,1,2,1,1,1,1,1,0,1,0,1,3,1,0,1,0,0,0,0,2,1,0,0,1,1,0,1,1,1,0,0,1,0,0,0,0,0,0,0,0,1,1,3,18
6816,31630168,2,2,2,2,1,3,2,2,2,2,1,1,1,3,1,1,2,2,0,1,0,1,1,2,2,2,3,2,1,2,2,2,1,2,1,3,1,2,1,2,3,2,2,1,3,16
6892,30430275,0,0,0,0,1,1,1,0,1,0,1,0,1,0,0,0,1,0,2,0,0,1,1,1,0,1,0,2,1,1,1,2,3,1,0,2,1,0,1,0,0,2,2,1,4,17
6898,30430275,0,0,0,1,1,1,1,0,1,0,2,1,2,0,1,1,1,0,0,1,0,1,1,0,1,0,2,1,1,1,2,0,0,1,0,0,0,0,1,0,0,1,1,1,3,17
6903,30430275,0,0,0,1,0,0,1,1,0,0,0,0,0,1,0,0,1,0,0,1,0,0,0,0,0,0,0,1,0,0,0,0,0,0,0,0,0,0,0,0,0,0,2,1,4,17
6920,20120557,1,0,1,2,1,1,1,1,2,0,1,1,0,0,1,1,1,1,0,0,0,1,0,1,1,0,0,1,0,1,0,1,0,0,0,0,0,2,3,0,0,1,1,1,2,15
6938,20120557,0,0,0,0,0,1,0,0,0,0,1,1,1,0,1,1,1,2,1,0,0,0,0,0,1,0,1,0,0,0,0,0,0,0,0,1,0,0,0,0,0,0,1,1,3,15
6942,20120557,0,0,0,0,0,0,0,1,0,0,1,1,2,0,0,0,1,1,0,0,0,1,0,0,0,0,1,1,0,0,0,0,1,1,0,0,0,0,1,0,2,3,1,1,4,15
6950,20120346,0,0,1,1,0,0,1,0,1,1,1,1,1,1,0,0,1,0,0,0,0,0,0,0,0,1,1,0,0,0,0,0,0,0,0,0,0,0,0,0,0,0,1,1,3,14
6961,20120346,0,0,0,0,0,0,0,0,0,0,0,0,0,0,0,0,0,0,0,0,0,0,1,1,0,0,1,1,0,0,0,0,0,0,0,0,0,0,0,0,0,1,1,1,4,14
6963,20120346,0,0,0,0,0,0,0,0,0,0,0,0,0,0,0,0,0,0,0,0,0,0,0,0,0,0,2,0,1,0,0,0,0,0,0,0,0,0,0,1,0,1,1,1,2,14
6966,20120346,1,1,1,1,0,0,1,0,0,0,0,0,0,1,1,0,0,0,0,0,2,0,1,1,0,1,0,0,1,0,0,0,0,0,0,0,0,0,0,0,0,0,2,1,4,14
6974,20120346,0,0,0,0,0,0,0,0,0,0,1,0,0,0,0,1,1,0,0,0,0,0,0,0,0,0,0,0,1,0,0,0,0,0,0,0,0,0,0,0,0,0,1,1,4,14
6977,20120346,0,1,1,1,0,1,1,1,1,0,1,1,1,1,2,0,1,1,0,1,0,0,0,0,0,0,0,0,1,0,1,0,0,0,0,0,0,0,0,0,0,0,3,4,4,14
6980,20120346,0,0,0,0,0,0,0,0,0,0,0,0,0,0,0,0,2,0,0,0,0,0,1,1,0,0,2,2,1,0,0,0,1,0,0,2,1,0,0,0,0,1,4,4,3,14
6991,30830288,1,2,2,0,1,1,1,1,0,1,1,1,1,3,1,0,1,0,0,1,1,1,2,2,2,2,1,1,1,2,2,0,1,1,2,0,0,1,0,0,1,0,4,4,3,17
7012,30830288,1,1,1,1,1,0,1,1,1,0,1,1,1,1,1,1,1,0,0,1,0,0,0,0,2,1,0,1,1,1,2,0,0,1,1,0,1,1,1,0,0,3,2,1,3,17
7031,10810218,0,0,0,0,0,0,0,0,0,0,0,0,0,0,0,0,1,0,0,0,0,0,1,0,0,0,0,0,0,0,0,0,0,0,0,0,0,0,0,0,0,1,1,1,4,10
7049,10110418,0,0,0,0,0,0,0,1,0,0,1,0,1,0,0,0,1,1,1,0,2,1,1,0,0,0,1,0,0,0,0,0,0,0,0,0,0,0,0,0,0,0,1,1,4,11
7058,10110418,0,1,1,1,0,1,2,3,0,1,1,0,1,0,1,2,1,0,0,0,0,0,0,1,1,1,1,1,0,0,1,0,0,1,0,0,0,1,1,0,0,1,2,1,3,11
7060,10110418,1,0,0,1,1,1,0,0,1,0,1,0,0,0,0,0,1,0,1,1,0,0,0,1,0,0,2,0,0,0,0,0,0,0,0,0,0,0,1,0,3,2,2,1,4,11
7073,10110148,0,0,0,1,0,0,0,1,1,0,1,0,0,0,0,1,1,0,0,0,0,0,0,0,1,1,0,0,0,0,0,0,0,0,0,0,1,1,0,0,0,0,2,1,4,10
7077,10110148,0,1,2,1,0,1,0,1,1,0,1,2,2,1,1,2,1,1,0,1,0,1,1,1,1,1,1,0,0,3,2,0,1,0,2,0,0,1,1,0,0,1,1,1,3,10
7093,10110148,0,0,0,0,1,0,0,0,0,0,0,2,1,0,1,1,0,2,1,0,1,1,1,0,0,1,1,0,1,0,0,0,0,0,1,0,0,1,1,0,1,2,3,1,2,10
7094,10110148,0,0,0,1,1,0,0,0,1,0,2,1,0,0,0,2,1,0,1,0,0,2,3,0,1,1,2,2,1,3,0,0,0,0,0,0,0,0,0,0,1,3,2,1,3,10
7100,10110148,0,0,0,0,0,1,0,0,0,0,0,0,0,0,1,0,0,0,0,0,1,1,0,0,0,0,0,0,1,3,0,0,0,1,0,0,0,0,0,0,0,1,1,1,4,10
7102,10110148,0,0,0,0,0,0,0,0,0,0,0,0,0,0,0,1,0,0,0,0,0,0,1,0,0,0,0,0,1,1,0,0,0,0,0,0,0,0,0,0,0,2,1,1,4,10
7111,20120342,0,0,0,0,0,0,0,0,0,0,0,0,0,0,0,0,0,0,0,0,0,0,0,2,0,0,0,0,0,0,0,0,0,0,0,0,0,0,0,0,0,1,1,1,4,14
7112,20120342,0,2,1,0,0,0,2,2,0,2,1,1,1,2,1,0,1,0,1,0,1,0,0,0,0,0,0,0,2,0,1,0,0,0,0,0,0,0,1,0,0,1,1,1,2,14
7115,20120342,0,0,0,1,1,0,0,0,1,0,0,0,1,0,0,0,1,1,2,1,0,1,0,1,2,1,1,1,0,1,0,2,2,0,1,1,2,0,2,0,1,3,1,1,3,14
7128,20120342,2,1,0,1,0,0,0,0,1,0,1,1,1,0,0,1,1,0,0,1,0,1,1,0,1,1,1,0,2,1,3,1,0,1,1,0,0,1,3,0,0,0,1,1,3,14
7133,30430109,0,0,0,1,0,0,0,0,0,0,0,0,0,0,0,0,0,0,0,0,0,0,0,0,1,1,1,0,1,0,0,0,0,0,0,0,0,0,0,0,0,0,1,1,4,16
7148,30430109,1,1,1,3,0,0,2,1,2,1,2,2,1,2,0,2,1,1,0,1,3,0,0,1,2,1,2,0,2,2,1,0,1,1,0,0,0,1,2,0,2,3,1,1,1,16
7165,22000054,0,0,0,0,0,0,0,0,0,0,0,1,0,1,0,0,0,0,1,0,1,1,0,0,0,1,0,0,1,0,0,0,0,0,0,0,0,0,0,0,2,0,1,1,3,13
7179,22000054,1,0,0,1,0,0,1,0,0,0,1,0,0,1,0,0,1,0,0,0,0,0,0,0,0,0,0,2,0,0,0,0,0,0,0,0,0,0,0,0,0,1,1,1,2,13
7188,22000054,0,0,0,0,0,0,0,0,1,0,0,1,0,0,0,0,1,1,0,0,0,0,0,0,0,0,0,0,0,0,0,1,0,0,0,0,0,0,0,0,0,0,1,1,4,13
7215,12000045,1,1,0,1,1,0,0,0,0,0,0,0,0,0,0,0,1,0,0,0,0,1,1,1,0,1,1,0,1,0,0,0,0,0,0,0,0,1,0,0,0,1,1,1,3,10
7222,42000057,0,1,0,1,0,0,1,1,0,0,1,0,0,0,0,0,1,0,0,0,0,0,0,0,1,0,0,0,0,0,0,0,0,0,0,0,0,0,1,0,0,0,1,1,3,18
7227,42000057,0,0,0,0,0,0,0,1,0,0,1,0,0,0,0,0,1,1,0,1,0,0,0,0,0,0,0,0,0,0,1,0,0,0,0,0,0,0,1,0,0,0,1,1,3,18
7271,40540061,0,0,0,0,0,0,0,0,1,0,1,0,0,1,0,1,1,1,0,0,0,0,0,0,0,0,0,0,1,0,1,0,0,1,0,0,0,0,0,0,0,0,3,4,3,17
7293,22000132,0,0,0,0,0,0,0,0,0,0,1,0,0,0,0,0,0,0,0,0,0,0,0,0,0,1,0,0,0,1,0,0,0,0,0,0,0,0,0,0,0,0,1,1,4,14
7297,22000132,0,0,0,0,1,0,0,0,0,1,0,0,0,0,0,0,0,0,0,0,1,1,1,0,0,0,2,1,0,1,0,0,0,1,0,2,0,0,0,0,0,1,1,1,2,14
7307,22000132,0,0,0,1,0,0,1,1,1,0,1,0,0,1,1,0,1,0,0,0,0,1,1,0,0,1,1,1,1,1,1,1,0,1,0,1,0,0,0,0,1,0,2,1,2,14
7308,22000132,0,0,0,0,0,0,0,1,0,0,1,0,1,0,1,1,1,0,0,0,3,0,0,0,1,1,1,0,0,2,0,0,0,0,0,0,0,0,0,0,1,0,2,2,3,14
7309,22000132,0,0,0,0,0,0,0,0,0,0,0,0,0,0,0,0,0,0,0,0,0,1,1,1,1,1,1,1,1,1,1,1,1,1,1,1,1,1,1,1,1,1,1,1,4,14
7319,11510819,0,0,0,0,0,0,0,0,0,0,0,0,0,0,0,0,0,0,0,0,0,1,0,0,0,0,1,0,0,0,1,0,0,0,0,0,0,0,0,0,0,0,1,1,4,12
7334,11510819,0,0,0,0,0,0,0,0,0,0,0,0,0,0,0,0,0,0,1,0,0,0,0,0,0,0,0,1,1,0,0,0,0,0,0,0,0,0,1,0,0,0,1,1,4,12
7336,11510819,0,1,0,0,1,1,1,1,1,0,0,0,1,3,1,1,1,2,0,0,0,0,0,0,0,1,0,0,1,2,1,0,0,0,0,0,0,0,1,0,1,1,1,1,3,12
7360,11410809,1,1,1,2,1,1,2,0,1,0,2,1,1,0,1,0,1,1,0,1,0,0,1,2,0,1,2,2,1,3,1,0,1,1,0,0,1,2,0,0,0,0,1,1,3,12
7393,11410810,0,0,0,0,0,0,0,0,0,0,0,0,0,0,0,0,0,0,1,0,0,0,0,0,0,0,0,0,0,0,0,0,0,0,0,0,0,0,0,0,1,1,1,1,4,12
7398,11410810,0,0,1,1,1,0,0,1,1,1,1,1,0,1,1,2,1,2,0,0,0,0,1,0,1,0,1,1,0,1,0,0,0,0,0,0,0,0,1,0,1,1,1,1,3,12
7411,11410259,0,1,0,0,0,1,0,0,0,0,0,0,0,0,0,0,1,0,0,0,0,1,0,0,0,0,0,0,0,0,0,0,0,0,0,0,0,0,0,0,0,0,1,1,4,10
7420,11410259,0,0,0,0,0,0,0,0,0,0,0,0,0,0,0,0,0,0,0,0,3,0,0,0,0,0,0,0,0,0,0,0,0,0,0,0,0,0,0,0,0,0,1,1,4,10
7427,20620151,1,1,1,1,1,1,1,0,1,0,1,0,1,0,1,0,1,0,0,0,0,0,0,0,0,0,0,0,0,0,0,0,0,0,0,0,0,0,0,0,0,1,1,2,3,13
7437,20620151,0,0,1,0,0,0,0,1,1,0,0,0,0,0,0,0,1,0,0,0,1,0,1,0,0,0,1,0,1,0,0,0,0,0,0,0,0,0,0,0,0,2,2,1,2,13
7443,20620151,2,3,1,2,2,2,1,0,0,0,1,2,1,1,1,1,1,2,1,1,0,0,1,1,1,2,1,0,1,0,1,0,0,0,0,1,0,1,0,0,0,2,1,4,2,13
7453,20620151,0,0,0,0,0,0,0,0,1,0,0,0,0,0,0,0,0,0,0,1,0,0,1,1,0,0,1,1,0,1,0,0,0,1,0,0,0,0,1,0,0,2,2,1,4,13
7457,20620151,1,0,1,0,0,0,0,0,0,0,1,1,0,0,1,1,1,0,0,0,1,1,0,0,0,1,0,0,1,0,0,0,0,1,0,0,0,0,1,0,0,1,1,1,4,13
7478,10610742,0,0,0,0,0,0,0,0,0,0,1,0,0,0,0,0,0,0,0,0,0,0,0,0,0,0,1,0,0,0,0,0,0,0,0,0,0,0,0,0,0,0,1,1,4,12
7485,10610742,1,0,0,1,0,0,0,1,1,0,2,0,0,0,0,1,1,0,1,1,0,1,0,1,1,0,0,0,1,1,1,0,0,0,0,0,0,0,1,0,0,1,1,1,2,12
7506,21120417,0,1,0,0,0,0,0,0,0,0,0,0,0,0,0,0,0,0,1,0,0,1,0,1,0,0,1,0,1,0,0,0,0,1,0,0,0,0,1,0,0,1,2,4,4,14
7510,21120417,0,0,0,0,1,1,1,0,0,0,1,0,0,1,1,0,1,0,0,1,0,0,1,3,0,2,1,0,1,1,0,0,0,0,0,0,0,0,0,0,0,3,2,4,3,14
7517,21120417,0,0,0,0,0,1,0,0,1,0,0,0,0,1,0,1,0,0,1,0,1,0,1,0,0,0,0,0,1,0,0,0,0,0,0,0,0,0,0,0,0,1,1,1,4,14
7522,21120417,0,0,0,1,1,0,2,1,0,0,1,0,1,0,0,1,1,2,1,0,0,1,1,1,0,0,0,2,1,0,1,0,1,0,0,0,0,1,0,0,1,2,1,1,4,14
7523,41140076,0,0,1,1,1,1,0,1,1,0,1,1,1,2,1,1,1,1,1,1,1,2,1,1,2,1,1,2,2,1,1,1,1,2,1,0,0,2,2,0,0,0,1,1,3,16
7557,41140076,1,0,0,0,0,0,0,1,0,0,1,0,0,1,1,0,1,0,0,1,0,1,0,1,0,0,2,2,1,0,0,0,0,0,0,0,0,1,0,0,1,1,1,1,4,16
7561,41140076,2,1,1,2,0,1,1,2,1,2,2,0,1,1,1,0,2,0,0,1,0,0,0,1,3,1,0,1,2,2,1,0,0,0,0,0,1,2,3,0,1,2,2,1,3,16
7579,11210245,0,0,0,0,0,0,0,0,0,0,1,0,0,1,0,1,1,0,0,0,0,1,1,1,1,0,1,0,1,1,1,0,0,0,0,0,0,0,1,0,0,2,1,1,3,10
7582,11210245,0,0,0,1,1,0,0,1,0,0,1,1,0,0,0,1,0,0,0,0,0,1,0,0,0,0,0,0,0,0,0,0,1,0,0,0,0,0,0,0,1,1,1,1,4,10
7586,11210245,0,0,0,1,0,2,0,1,0,0,1,0,1,0,1,0,1,0,2,0,0,0,1,0,0,0,1,0,0,1,1,0,0,0,0,0,0,0,0,0,1,1,1,1,2,10
7591,31330316,1,0,0,1,0,0,0,0,1,0,0,1,1,0,1,0,1,1,1,0,0,1,1,0,0,0,1,3,0,2,2,2,0,1,1,1,1,0,0,1,0,1,2,1,3,17
7594,31330316,0,0,2,0,0,0,0,0,1,0,0,0,0,0,0,0,0,0,0,0,0,0,1,0,0,0,0,0,1,1,0,0,0,0,0,0,0,0,0,0,3,3,1,1,4,17
7605,31330316,1,1,0,1,1,1,1,2,1,1,1,1,2,2,2,2,2,2,0,1,0,1,0,0,2,2,2,2,1,1,1,1,0,0,1,1,0,1,0,0,0,0,1,1,2,17
7607,31330316,0,1,2,2,2,3,3,0,2,3,2,1,0,2,1,1,1,0,0,0,0,3,1,3,2,2,2,1,1,1,1,2,2,2,1,2,2,2,1,0,0,0,3,1,3,17
7612,31330316,1,1,1,0,0,1,1,1,1,0,0,0,1,0,0,0,1,1,0,0,0,0,0,0,0,0,1,1,1,1,1,0,0,0,0,0,0,0,0,0,1,0,1,1,3,17
7630,10810484,0,0,0,0,0,0,0,0,0,0,0,0,1,0,0,0,0,0,0,0,0,0,0,0,0,0,0,0,0,0,0,0,0,0,0,0,0,0,0,0,0,2,1,1,3,11
7657,30130429,0,0,0,0,0,0,0,0,0,0,0,0,0,0,0,0,0,0,0,0,1,1,1,0,0,0,0,1,0,0,0,0,0,0,0,0,0,0,1,0,0,0,4,1,4,18
7658,30130429,0,0,0,0,0,0,0,0,0,0,0,0,0,0,0,0,1,0,0,0,0,0,1,1,0,0,0,1,0,0,0,0,0,0,0,0,0,0,0,0,0,0,4,1,4,18
7665,30130429,0,0,0,2,1,1,1,1,0,0,1,0,1,1,0,1,1,0,0,1,0,0,2,0,0,2,1,1,2,0,1,3,0,0,1,3,1,1,2,0,3,1,1,1,3,18
7668,30130429,0,0,0,1,0,1,1,0,0,0,0,1,1,0,0,0,1,0,0,0,0,1,1,1,0,0,0,0,0,0,0,0,0,1,0,0,0,1,0,0,0,0,2,2,3,18
7672,30130429,0,1,0,1,2,0,0,1,0,0,1,1,2,0,2,0,1,2,0,0,0,1,1,0,1,1,2,1,0,0,1,0,0,1,0,0,0,1,2,0,0,1,2,1,1,18
7677,30130429,1,1,2,0,1,0,1,1,1,0,1,2,2,1,1,1,2,1,0,0,0,2,1,0,1,2,3,1,0,0,2,0,0,0,0,0,0,2,1,0,0,3,1,1,2,18
7688,20120345,0,0,0,0,0,0,0,0,1,0,0,0,0,0,0,0,0,0,0,0,0,0,0,1,0,0,1,1,0,0,0,0,0,0,0,0,0,0,0,0,0,0,1,1,4,14
7689,20120345,1,1,1,1,1,1,1,2,2,3,1,1,1,2,1,1,1,1,1,0,1,1,1,1,1,2,1,1,1,2,2,0,0,1,2,0,1,1,0,0,0,0,1,1,3,14
7694,20120345,0,1,1,0,0,0,0,0,1,0,1,0,1,1,1,1,1,0,0,0,0,1,1,1,0,0,1,1,2,1,1,0,1,1,0,0,0,1,1,1,0,2,2,1,4,14
7696,20120345,0,1,1,0,1,0,1,0,1,0,0,0,0,0,0,0,0,0,0,1,0,1,0,0,0,1,0,1,0,0,1,0,0,0,0,0,0,0,0,0,0,1,1,1,4,14
7720,30330106,0,0,0,1,0,1,0,0,1,0,1,1,2,1,1,0,0,0,1,0,1,1,1,1,1,1,0,0,1,0,1,0,0,0,0,0,0,0,1,0,0,2,1,1,3,16
7728,30330106,0,2,0,3,0,1,0,1,0,0,1,0,0,0,0,0,1,0,0,0,0,3,3,3,3,0,3,0,3,9,3,0,3,3,0,0,0,0,0,0,0,3,1,1,3,16
7734,30330106,0,1,0,1,0,0,0,0,0,0,1,1,0,0,0,0,1,0,3,0,0,0,1,0,1,1,0,0,1,0,0,0,0,0,0,0,0,0,0,0,0,0,2,1,3,16
7745,30330106,0,0,0,0,0,0,0,0,0,0,0,0,0,0,0,0,0,0,0,0,1,0,1,0,0,0,1,0,0,0,0,0,0,0,0,0,0,0,0,0,1,1,2,1,4,16
7757,32000132,0,0,0,0,0,0,0,0,0,0,0,1,0,0,0,0,0,0,0,0,1,1,0,0,0,0,0,1,0,0,0,0,0,0,0,1,0,0,1,0,0,1,2,1,4,18
7764,32000132,0,1,0,0,0,0,0,1,0,1,1,0,0,0,0,0,0,0,0,0,0,0,0,0,0,0,0,0,0,0,0,0,0,0,0,0,0,0,0,0,0,0,2,1,3,18
7769,32000132,0,0,0,0,1,2,1,1,0,0,0,0,2,0,0,0,1,0,1,0,0,0,0,0,0,0,0,1,1,1,0,0,0,0,0,0,0,0,0,0,0,0,1,1,3,18
7810,21420429,1,1,2,2,1,3,1,1,1,1,2,0,2,1,2,1,1,2,0,0,2,1,0,1,1,2,1,0,1,1,2,0,0,1,1,0,1,1,1,0,0,1,1,1,2,14
7871,40140048,0,0,0,0,0,0,0,0,0,0,1,0,0,0,0,0,1,0,0,0,0,0,0,0,0,0,0,0,0,0,0,0,1,0,0,0,0,0,0,0,0,0,1,1,3,16
7875,10810219,0,1,1,0,1,3,0,1,0,1,2,2,1,1,2,1,0,0,0,1,3,0,0,0,0,1,0,1,0,1,0,0,0,0,0,0,0,0,0,0,0,0,1,1,4,10
7876,10810219,0,0,0,0,0,0,0,0,0,0,0,0,0,0,0,0,0,0,0,0,0,0,1,0,0,0,0,1,0,0,1,0,0,0,0,0,0,0,0,0,0,0,1,1,4,10
7885,10810219,0,0,0,0,0,0,0,0,0,0,0,0,0,0,0,0,0,0,0,0,0,0,1,0,0,0,0,0,1,0,0,0,0,0,0,0,0,0,0,0,0,1,1,1,4,10
7892,10810219,0,0,0,0,0,0,0,0,0,0,0,0,0,0,0,0,0,0,0,0,0,0,0,1,0,0,0,0,0,0,0,0,0,0,0,0,0,0,1,0,0,1,1,1,4,10
7899,10810219,1,0,0,0,1,1,0,0,0,0,0,0,0,2,0,0,1,0,0,0,1,0,2,1,0,0,0,0,0,0,0,0,0,0,0,0,1,0,0,0,0,0,1,1,4,10
7910,10810477,0,0,0,0,0,0,0,0,0,0,0,0,0,0,0,0,0,0,0,0,0,0,0,0,0,0,0,0,0,0,0,0,0,0,0,0,0,0,0,0,0,0,1,1,4,11
7929,30830124,0,1,1,1,0,0,1,0,1,0,1,1,1,0,1,0,1,0,0,0,0,1,0,0,1,0,2,1,1,1,1,0,0,0,0,0,0,0,1,0,0,0,1,1,3,16
7931,30830124,0,0,0,0,0,0,1,0,1,0,1,0,0,0,0,0,1,1,1,1,0,0,0,0,0,0,1,0,0,0,0,0,0,0,0,0,0,0,1,0,1,0,1,1,3,16
7935,30830124,1,1,2,1,1,1,3,2,2,1,2,0,1,1,1,1,2,1,1,0,0,1,1,1,1,1,1,2,2,2,2,2,2,1,1,1,1,2,2,1,1,2,4,1,4,16
7951,30830124,1,0,0,0,0,0,0,0,1,0,0,0,0,0,0,0,1,0,0,0,0,3,2,3,0,2,1,2,3,2,3,3,2,0,2,1,3,0,1,2,3,0,1,2,4,16
7970,10810476,0,0,0,0,1,0,0,2,0,0,0,0,0,0,0,0,0,1,0,0,0,0,0,0,0,0,0,0,0,0,0,0,0,0,0,0,0,0,0,0,0,0,1,1,4,11
7976,10810476,0,0,1,0,0,0,0,1,0,0,1,1,1,1,0,3,1,0,0,0,0,0,0,0,0,0,0,0,3,1,0,0,0,0,0,0,0,0,0,0,0,3,1,1,4,11
7993,10810476,1,0,0,0,1,0,0,0,1,0,0,0,1,0,0,1,0,0,0,0,1,1,1,1,0,0,1,1,1,0,0,0,0,0,0,0,0,0,1,0,0,1,1,1,3,11
8021,40840066,1,1,0,1,0,1,1,1,1,1,1,0,0,1,0,1,1,0,0,0,0,1,1,1,0,2,0,0,1,1,2,0,1,0,1,0,0,1,0,0,0,1,3,1,2,16
8024,40840066,0,0,0,0,0,0,0,2,1,0,1,0,0,0,0,0,1,0,0,0,0,1,0,0,0,0,1,0,0,0,1,0,0,0,0,1,0,0,0,0,0,2,4,1,3,16
8027,40840066,0,1,2,2,0,1,2,1,1,2,1,0,2,1,2,1,1,0,0,0,0,0,1,0,0,3,1,1,0,0,2,0,0,0,0,0,0,1,0,0,0,0,3,1,1,16
8042,30830471,1,1,0,2,0,2,1,3,1,3,2,0,2,2,1,0,2,0,0,1,0,0,1,0,1,1,1,2,0,2,1,0,0,0,0,0,0,1,2,0,0,0,1,1,3,18
8048,30830471,0,1,0,1,0,0,0,1,1,0,0,1,0,0,1,0,0,0,0,0,0,0,0,0,0,0,0,1,1,0,0,0,0,0,0,0,0,0,0,0,0,1,1,1,3,18
8049,30830471,1,0,0,2,0,0,0,0,0,0,0,0,0,0,0,0,0,0,0,0,0,1,0,1,1,1,2,0,0,0,1,1,0,0,0,0,0,0,1,1,0,0,1,1,3,18
8075,20420369,0,0,0,0,0,0,0,0,0,0,0,0,0,0,0,0,0,0,0,0,0,0,0,0,0,0,1,0,0,0,0,0,0,0,0,0,0,0,0,0,0,0,1,1,4,14
8076,20420369,0,0,0,1,0,1,1,0,0,0,0,0,1,1,0,0,1,0,0,0,0,0,0,0,1,0,1,0,0,0,0,0,0,1,0,0,0,0,0,0,0,2,1,1,3,14
8078,20420369,0,0,2,3,1,2,1,0,0,0,2,0,1,1,1,2,2,2,0,1,2,0,0,0,2,1,2,1,1,0,0,0,0,0,0,0,0,0,0,0,0,2,2,4,1,14
8081,20420369,0,0,0,0,0,1,0,1,0,0,1,1,0,0,0,1,1,1,0,0,0,0,0,0,0,0,1,0,0,0,2,0,0,0,0,0,0,1,1,0,0,1,3,1,2,14
8084,20420369,0,0,0,0,0,0,0,0,0,0,0,0,0,0,0,0,0,0,0,0,0,0,0,0,0,0,0,0,1,0,0,0,0,0,0,0,0,0,0,0,0,0,1,1,4,14
8106,30130097,0,0,0,0,0,0,0,0,0,0,0,0,0,0,0,0,0,0,0,0,0,0,0,0,0,0,0,0,0,0,0,0,0,0,0,0,0,0,0,0,0,0,1,1,3,16
8115,30130097,0,0,0,1,1,1,0,0,0,0,0,0,0,1,0,0,1,0,1,0,0,1,1,0,1,0,1,1,1,1,1,1,0,0,0,0,0,0,0,0,0,0,1,4,3,16
8129,30130097,0,1,1,1,0,0,1,1,0,0,0,0,0,1,0,0,1,0,0,0,0,0,0,0,1,1,1,1,1,0,0,0,0,0,0,0,0,0,1,0,0,0,1,4,4,16
8151,20320575,0,0,1,1,0,0,1,1,1,0,1,0,0,1,2,1,0,0,1,0,1,1,0,0,1,0,2,1,2,1,0,0,0,0,0,0,0,0,0,0,0,2,1,1,2,15
8157,20320575,0,1,0,0,0,0,1,1,0,0,0,0,1,1,0,1,0,0,0,0,0,1,1,1,1,2,2,1,1,2,2,0,0,0,0,0,0,1,1,0,0,2,1,1,3,15
8160,20320575,1,2,2,2,1,3,1,1,1,1,0,0,3,1,1,0,1,0,0,0,0,0,0,0,0,0,0,0,0,1,0,0,0,0,0,0,0,0,0,0,0,0,1,1,4,15
8162,20320575,0,0,0,0,0,0,1,0,1,0,1,0,0,0,0,0,1,2,0,0,0,1,0,2,2,0,1,1,0,0,1,0,0,0,1,0,0,1,1,0,1,3,1,1,4,15
8166,20320575,0,0,0,0,0,0,1,2,1,0,1,0,0,0,0,0,1,0,0,0,0,1,0,1,0,0,0,0,0,0,1,0,0,0,0,0,0,0,0,0,0,0,1,1,3,15
8171,20320575,0,0,0,0,0,0,0,0,0,0,0,0,0,0,0,0,0,0,0,0,0,0,0,0,0,0,0,0,0,0,0,0,0,0,0,0,0,0,0,0,0,0,1,1,4,15
8186,20820394,1,0,2,1,0,1,2,1,2,1,1,0,1,0,1,0,0,1,0,1,2,0,0,0,1,2,0,1,0,1,0,0,1,0,0,0,0,1,1,0,0,1,2,1,2,14
8203,20820394,0,0,0,0,0,0,0,0,0,0,0,0,0,0,0,0,0,0,0,0,0,0,0,0,0,0,1,0,0,0,0,0,0,0,0,0,0,0,0,0,0,0,1,1,3,14
8204,20820394,0,0,0,0,0,1,1,0,0,1,0,0,1,0,0,0,1,0,0,0,0,0,0,0,1,0,0,0,1,1,1,0,0,1,0,0,0,0,0,0,0,0,1,1,3,14
8223,40440058,0,0,0,0,0,0,0,0,0,0,0,0,0,0,0,0,0,0,0,1,3,0,0,1,0,0,1,0,0,1,0,0,1,0,0,1,0,0,1,0,0,1,1,1,3,16
8231,40440058,0,0,0,0,0,0,0,0,1,0,0,0,1,1,0,1,1,0,0,0,0,0,0,1,1,1,0,0,1,0,1,0,0,0,0,0,0,1,0,0,0,1,1,1,3,16
8233,40440058,1,1,0,1,1,0,1,1,1,0,1,1,1,2,1,1,1,2,1,1,0,0,1,1,0,0,2,1,2,2,2,0,2,1,1,0,0,1,2,0,2,0,1,1,1,16
8268,20820604,0,0,0,0,0,0,0,0,0,0,0,0,0,0,0,0,0,0,0,0,0,0,0,0,0,0,0,0,0,0,0,0,0,0,0,0,0,0,0,0,0,0,1,1,4,15
8270,20820604,0,0,0,0,0,0,0,0,0,0,0,0,0,0,1,0,0,0,0,0,0,1,0,1,0,0,1,0,0,1,0,0,1,0,0,0,0,0,1,0,1,1,1,2,3,15
8276,20820604,0,1,0,2,0,0,0,0,1,0,1,0,1,1,1,0,1,0,0,0,0,1,0,0,0,1,0,0,1,0,1,0,0,0,0,0,0,0,1,0,0,0,3,1,4,15
8289,32000083,0,1,0,0,0,0,0,1,0,0,1,0,0,0,0,0,1,0,0,0,0,0,0,0,0,0,0,0,0,0,1,0,0,0,0,0,0,0,0,0,0,0,2,1,3,17
8297,32000083,1,2,1,3,2,2,2,1,1,0,3,2,2,3,1,0,1,0,0,1,0,2,0,1,2,2,1,0,2,2,0,0,1,1,0,1,0,1,3,0,1,3,1,4,1,17
8312,32000083,1,1,0,2,1,1,0,1,0,1,2,1,1,1,1,0,1,2,0,0,0,1,0,0,0,1,0,1,0,0,1,0,0,0,0,0,0,0,1,0,2,0,1,1,3,17
8320,20220137,0,1,1,2,1,2,1,2,1,0,0,0,0,0,0,0,0,0,3,3,3,1,1,1,1,2,1,2,0,3,1,0,1,0,0,0,0,2,0,0,0,1,1,4,1,13
8381,20820165,0,0,0,0,0,0,0,0,0,0,1,1,1,1,0,0,0,0,0,0,0,0,0,0,0,0,1,1,0,0,0,0,0,0,0,0,0,0,0,0,0,1,1,1,4,13
8382,20820165,0,0,0,0,0,0,0,0,0,0,1,0,0,0,0,0,1,0,0,0,0,0,0,0,0,0,0,0,0,0,0,0,0,0,0,0,0,0,0,0,0,0,2,1,3,13
8393,40940262,0,0,0,0,0,0,0,0,0,0,0,0,0,0,0,0,1,0,0,0,0,0,0,0,0,0,1,1,0,0,0,0,0,0,0,0,0,0,0,0,0,1,4,4,3,18
8417,30830130,0,0,0,0,0,0,0,0,0,0,0,0,0,0,0,0,0,0,0,0,0,0,0,1,0,0,0,1,0,1,1,0,1,0,0,0,0,0,0,0,0,0,1,1,4,16
8420,30830130,1,1,2,1,0,1,1,0,1,0,2,0,1,1,1,1,2,0,0,0,0,1,0,2,1,1,0,0,2,0,1,0,1,1,0,0,0,0,0,0,0,2,4,4,3,16
8422,30830130,0,1,2,0,0,0,0,1,0,0,1,0,1,0,2,1,1,0,0,0,1,0,0,1,1,0,0,0,2,1,1,0,1,1,1,0,0,0,1,0,0,3,2,1,3,16
8425,30830130,0,1,0,0,0,0,1,0,0,0,1,0,1,1,0,1,1,1,0,0,0,0,0,0,0,1,1,1,0,1,1,0,0,0,0,0,0,0,0,0,1,2,2,1,3,16
8434,30830130,1,1,1,0,1,1,1,1,1,0,0,0,1,1,0,0,1,0,0,0,1,1,0,0,2,1,2,2,2,2,1,0,0,1,0,0,0,1,2,0,2,1,2,1,3,16
8448,30830130,2,2,2,1,1,1,2,1,2,2,1,2,2,2,1,1,2,0,0,1,0,2,1,1,2,3,1,1,1,2,2,2,1,1,2,1,0,2,3,1,1,1,2,2,1,16
8456,20920410,0,0,1,0,0,0,1,0,0,0,1,1,1,0,1,2,1,2,0,0,0,0,1,1,0,0,1,1,1,2,1,0,1,1,0,0,0,0,0,0,0,1,2,2,4,14
8463,20920410,2,0,0,1,2,3,1,2,3,1,0,0,1,0,0,0,0,0,0,0,0,0,1,0,0,0,0,1,0,0,0,0,0,0,0,0,0,0,0,0,0,0,1,1,4,14
8472,20920410,0,0,0,0,1,1,1,2,1,0,1,1,1,1,1,0,1,1,0,1,0,1,1,1,1,1,1,1,1,1,1,0,0,1,0,0,0,0,0,0,0,2,1,1,3,14
8473,20920410,1,1,0,0,1,0,0,1,1,1,2,0,0,1,2,2,1,0,0,1,0,0,0,0,1,0,2,1,2,1,1,0,0,0,0,1,0,1,0,0,1,1,2,4,3,14
8490,10810480,0,1,0,0,0,1,0,0,0,0,0,1,1,0,0,0,0,0,0,0,0,0,0,1,0,1,0,0,1,1,0,0,0,1,0,0,0,1,1,0,0,0,3,1,3,11
8498,10810480,0,0,0,0,0,1,0,0,0,0,0,0,0,0,0,0,0,1,1,0,3,1,0,0,0,0,0,0,0,0,0,0,0,0,0,0,0,0,0,0,0,0,1,1,4,11
8508,10810480,0,0,0,0,0,0,0,0,0,0,0,0,0,0,0,0,0,0,0,0,0,0,0,0,0,0,0,0,0,0,0,0,0,0,0,0,0,0,0,0,0,0,1,1,4,11
8540,20820159,0,0,0,0,0,0,0,0,0,0,1,0,0,0,0,0,0,0,0,0,0,1,0,0,0,0,0,0,0,0,0,0,0,0,0,0,0,0,1,0,0,0,1,1,3,13
8543,20820159,0,0,0,1,1,1,1,1,0,0,0,1,0,0,0,0,1,1,1,0,0,1,0,1,0,0,0,1,1,1,0,0,1,0,0,1,0,0,1,1,2,2,1,1,3,13
8566,20820388,0,1,1,1,1,2,3,1,2,0,1,2,1,0,2,0,1,0,0,0,2,2,0,1,2,2,1,1,0,0,0,0,0,0,1,0,2,1,1,1,0,0,1,1,2,14
8575,20820388,1,0,0,0,1,0,1,0,0,0,0,0,0,0,0,0,0,0,1,1,0,0,1,1,0,1,1,1,0,0,1,0,1,1,1,0,0,1,0,0,1,1,1,1,3,14
8583,20820388,1,1,2,1,0,1,1,0,3,3,0,1,0,0,0,0,1,3,0,0,0,0,0,0,1,1,0,0,2,0,0,0,0,0,1,1,1,1,0,0,0,0,1,1,2,14
8604,30130263,0,0,1,0,0,0,0,1,0,0,1,1,1,0,1,0,1,0,0,1,0,0,0,0,0,0,1,0,1,1,0,0,0,0,0,0,0,0,0,0,0,0,1,1,3,17
8607,30130263,1,0,0,1,0,0,0,0,1,0,1,0,0,0,0,0,1,1,1,1,1,0,0,0,0,1,1,0,0,0,0,0,0,0,0,0,1,0,1,0,0,0,1,1,2,17
8614,30130263,1,1,0,1,0,0,1,0,1,0,1,1,0,2,0,1,2,0,0,0,0,0,0,0,2,1,1,2,1,0,2,0,0,0,0,0,0,1,2,0,1,1,2,1,1,17
8622,20820168,1,0,1,1,0,0,1,0,2,1,1,1,0,1,1,1,1,0,0,0,0,1,0,0,1,1,0,1,0,0,0,0,0,0,0,0,0,0,0,0,0,0,1,1,2,13
8641,20820168,0,0,0,0,0,0,0,0,0,0,0,0,0,0,0,0,0,0,0,0,0,1,0,0,0,0,0,0,0,1,0,0,0,0,0,0,0,0,0,0,0,1,2,1,4,13
8653,20820168,1,0,1,1,0,0,1,0,1,0,1,1,0,0,0,1,1,0,0,0,0,1,1,1,1,0,0,0,0,1,1,0,0,0,0,0,0,0,0,0,0,2,4,1,3,13
8657,30930139,0,2,1,0,0,0,1,0,0,0,1,1,0,1,0,0,2,0,0,1,0,2,1,0,0,0,1,0,0,0,1,0,2,0,1,0,0,0,0,0,1,1,2,1,4,16
8691,30930139,1,2,2,0,3,3,2,0,1,0,3,2,0,2,2,0,1,0,0,0,1,1,1,1,3,3,0,1,3,3,3,1,0,0,3,0,0,3,0,0,0,0,4,2,1,16
8699,30830129,0,1,1,0,0,1,2,1,0,0,1,0,1,1,1,0,0,0,0,0,0,0,0,0,1,0,1,1,0,0,0,0,1,0,0,0,0,1,0,1,1,9,2,1,3,16
8711,30830129,1,1,2,1,1,1,2,1,1,1,0,2,2,2,1,2,1,2,0,1,1,1,0,1,1,2,2,1,1,2,0,0,1,1,1,0,0,0,2,0,0,1,1,1,2,16
8722,30830129,0,0,0,0,0,1,0,1,1,0,0,1,1,1,0,1,1,0,0,0,0,1,1,1,0,0,0,0,1,1,0,0,0,1,0,0,0,0,1,0,1,1,2,4,4,16
8733,20920182,0,0,0,0,0,0,0,0,0,0,1,0,0,0,0,1,1,1,0,0,1,1,0,0,1,0,1,0,0,1,1,0,1,0,0,0,0,0,0,0,0,1,1,1,4,13
8737,20920182,1,1,1,1,0,1,1,0,1,0,1,1,1,1,1,1,1,0,0,1,0,1,0,1,0,0,2,1,1,1,1,0,0,0,0,1,0,0,1,0,0,0,4,1,3,13
8743,20920182,0,0,0,0,0,0,0,0,0,0,1,0,1,1,1,1,1,0,0,0,0,0,1,2,1,0,1,0,0,1,1,0,0,0,0,0,0,0,0,0,0,0,1,1,4,13
8744,20920182,1,1,1,2,0,1,1,1,1,2,2,1,2,1,1,0,1,0,0,0,0,1,1,1,1,1,3,1,3,1,3,1,1,1,0,0,0,1,2,1,1,2,4,1,2,13
8745,20920182,0,0,0,2,0,0,0,0,0,0,1,0,0,0,0,0,1,0,0,0,0,0,0,0,0,0,0,0,0,0,0,0,0,0,0,0,0,0,0,0,0,1,1,1,4,13
8752,20920182,1,1,0,1,1,1,1,1,0,0,1,0,2,1,1,0,2,0,0,0,0,0,0,1,1,2,0,2,1,1,3,0,1,0,0,0,0,1,1,0,1,0,1,1,3,13
8761,20920182,0,0,0,0,0,0,0,0,0,0,0,0,0,0,0,0,0,0,0,0,0,1,0,0,0,0,0,0,0,0,0,0,0,0,0,0,0,0,0,0,0,0,1,1,4,13
8767,10410182,0,0,0,0,0,0,0,0,0,0,1,0,0,0,0,0,0,0,1,0,0,1,1,1,0,0,0,0,0,0,0,0,1,0,0,0,0,0,1,0,0,0,1,1,4,10
8772,10410182,0,0,0,1,0,0,0,1,1,0,2,0,0,1,0,0,1,0,0,0,1,0,1,1,0,0,0,0,1,0,0,0,0,0,0,0,0,0,0,0,0,2,4,1,3,10
8780,10410182,0,0,0,0,0,1,0,0,0,0,0,0,0,0,1,0,1,0,0,0,0,0,0,1,0,0,0,0,1,2,0,0,0,0,0,0,0,0,0,0,0,1,2,1,4,10
8784,10410182,3,0,0,0,0,0,0,0,1,0,1,1,0,0,0,1,1,1,0,0,0,1,1,2,1,0,0,0,1,1,1,0,0,0,0,1,0,0,1,0,1,1,1,1,3,10
8797,32000072,0,0,0,0,0,0,0,1,0,0,0,0,1,1,0,0,1,0,0,0,0,0,0,0,0,0,1,0,0,0,0,0,0,0,0,0,0,0,1,0,0,0,2,1,4,18
8804,32000072,0,1,0,1,1,1,1,0,1,1,1,1,1,1,1,1,1,0,0,1,0,0,0,0,0,1,2,1,1,2,1,0,0,0,0,0,0,1,2,0,0,1,4,1,1,18
8818,32000072,0,1,0,0,0,0,1,0,1,0,1,0,0,0,0,0,1,0,1,0,0,0,2,0,0,1,1,1,1,1,0,0,0,0,0,0,0,1,0,0,0,0,4,4,3,18
8830,31030304,1,0,0,2,1,2,1,1,0,1,2,0,0,0,0,1,1,2,1,1,0,1,1,2,1,2,2,2,0,2,2,0,1,0,1,0,1,2,1,0,3,3,1,1,3,17
8834,31030304,1,0,0,0,0,0,0,1,1,1,0,1,0,0,0,0,0,0,0,0,0,0,1,1,0,0,0,0,0,1,1,0,1,0,0,0,1,1,1,0,0,1,3,1,3,17
8852,31030304,1,1,0,2,1,2,1,1,1,0,1,1,1,2,1,0,1,2,0,0,0,2,1,1,0,2,0,0,2,3,2,0,1,2,2,0,1,2,3,0,3,2,2,1,3,17
8854,41040171,1,2,1,0,0,0,1,1,0,0,1,0,1,0,1,0,2,0,0,1,0,1,0,0,1,1,1,0,1,0,0,0,0,0,0,0,0,1,1,0,0,1,1,1,2,17
8860,41040171,2,1,0,2,1,1,0,0,2,2,2,1,0,0,0,1,1,2,0,0,0,1,2,2,1,2,3,3,1,0,1,2,1,0,2,2,0,1,2,1,0,1,2,3,1,17
8865,41040171,1,1,1,2,1,1,1,1,0,0,1,0,2,0,2,0,1,0,0,0,1,1,1,0,1,2,0,0,1,1,1,0,0,0,0,0,0,1,0,0,0,0,2,4,2,17
8895,10510460,0,0,0,0,0,0,0,1,0,0,0,0,0,0,0,0,0,0,0,0,2,0,0,0,0,0,0,0,0,0,0,0,0,0,0,0,0,0,0,0,0,1,1,1,4,11
8911,10510460,0,0,0,0,0,0,0,0,0,0,0,0,0,0,0,0,0,0,0,0,0,0,1,0,0,0,0,0,0,0,0,0,0,0,0,0,0,0,0,0,0,1,1,1,3,11
8924,41340082,3,2,3,3,1,1,2,3,1,3,1,2,2,2,1,1,2,3,1,1,3,3,0,3,3,3,3,3,3,1,2,1,2,2,1,1,3,3,3,1,2,1,1,1,3,16
8926,41340082,0,0,0,0,0,0,0,0,0,9,1,0,0,2,1,0,0,0,0,0,0,0,1,0,0,0,1,0,0,0,0,0,0,0,0,0,0,0,0,0,0,1,1,1,4,16
8973,10810491,1,1,0,0,0,1,1,1,0,0,1,0,0,0,1,1,0,0,0,0,1,1,0,0,0,0,0,0,1,2,1,0,0,1,0,0,0,0,0,0,0,0,1,1,9,11
8974,10810491,0,0,0,0,0,0,0,0,0,0,1,1,0,0,0,0,0,0,0,0,0,1,0,0,1,1,0,0,1,0,0,0,0,0,0,1,0,0,0,0,0,0,1,1,3,11
8982,10810491,0,0,0,0,0,0,0,0,0,0,0,0,0,0,0,0,0,0,0,0,0,0,0,0,0,0,0,0,0,0,0,0,0,0,0,0,0,0,0,0,0,0,1,1,4,11
8984,10810491,0,0,0,1,0,0,0,0,0,0,1,0,1,0,1,0,0,2,1,0,0,1,0,0,0,0,1,0,0,0,0,0,0,0,0,0,0,0,0,0,0,0,1,1,4,11
8988,10810491,1,1,0,0,1,2,0,0,0,1,0,1,1,2,1,1,1,1,1,2,1,0,0,0,0,0,0,0,0,0,0,0,0,0,0,0,0,0,3,0,0,0,1,1,3,11
9000,10810491,0,0,0,0,0,1,0,1,1,0,0,0,0,1,0,0,0,0,0,0,0,0,1,0,0,0,0,0,1,0,0,0,0,0,0,0,0,0,0,0,0,0,1,1,4,11
9024,20820166,0,1,1,0,0,1,1,0,1,0,1,0,1,2,1,0,1,0,0,0,0,0,0,1,1,1,0,1,1,1,0,0,1,0,0,0,0,0,0,0,0,1,1,1,3,13
9041,20820166,0,1,0,0,0,1,0,1,0,1,1,0,0,1,1,1,1,2,0,0,0,0,1,1,1,1,1,0,0,1,1,0,0,0,0,0,0,1,1,0,0,1,1,1,4,13
9063,12000078,0,0,0,0,0,1,0,0,1,0,0,0,0,0,0,0,0,0,0,0,0,0,0,0,0,0,0,0,1,0,0,0,0,0,0,0,0,0,0,0,0,1,1,1,4,11
9091,11010783,0,0,0,0,1,2,1,0,0,0,1,0,0,0,0,1,0,0,0,0,0,1,1,0,0,0,2,1,1,0,0,0,0,0,0,1,0,0,0,0,0,1,2,1,3,12
9097,11010235,0,0,0,0,0,0,0,0,0,0,0,0,0,0,0,0,0,0,0,0,0,0,0,0,0,0,0,0,0,0,0,0,0,0,0,0,0,0,0,0,0,1,2,1,4,10
9122,30530449,0,1,0,0,0,0,0,1,0,0,0,0,1,1,1,1,1,0,0,1,0,1,0,1,1,1,0,0,0,1,0,0,0,0,0,0,0,0,1,0,1,1,1,1,4,18
9137,30530449,0,1,0,0,0,0,1,1,0,0,0,0,1,0,0,0,0,0,0,1,0,1,0,1,0,2,2,0,0,1,0,0,0,0,0,0,0,1,1,0,0,1,1,1,4,18
9145,41340180,1,0,0,1,1,0,0,0,0,1,0,0,1,0,0,0,1,0,1,0,0,0,0,1,2,1,1,2,1,1,2,2,0,1,2,2,0,1,1,1,0,0,3,1,3,17
9146,41340180,0,0,0,0,0,0,0,0,0,0,0,0,0,0,0,0,0,0,0,0,0,0,0,0,0,0,0,0,0,0,0,0,0,0,0,0,0,0,0,0,2,0,3,1,4,17
9155,41340180,0,1,1,1,0,0,1,0,0,0,0,0,0,0,0,0,1,0,0,0,0,0,0,0,0,0,0,0,0,0,0,0,0,0,0,0,0,1,0,0,0,0,2,1,3,17
9169,21120631,0,1,0,2,0,1,1,0,1,0,2,1,0,0,1,0,2,1,0,1,0,1,2,1,2,0,2,3,1,1,3,0,1,3,3,0,0,2,2,1,1,0,4,1,3,15
9188,21120631,0,1,0,3,2,2,2,0,2,1,2,1,0,2,0,0,2,2,1,1,1,0,0,2,1,3,3,1,0,0,0,0,1,1,1,0,2,2,3,1,0,0,4,4,1,15
9206,10510045,0,0,1,0,1,1,1,1,1,1,1,1,1,1,1,1,1,1,0,0,0,1,1,2,1,1,1,1,2,1,0,0,0,0,0,0,0,0,0,0,0,1,1,1,3,12
9207,10510045,0,1,1,1,1,1,1,1,0,0,1,0,1,0,1,1,0,1,0,0,3,0,0,0,0,0,0,0,1,1,1,0,0,0,0,0,0,0,0,0,0,1,1,1,4,12
9208,10510045,0,0,0,0,0,0,0,0,0,0,0,0,0,0,0,0,0,0,0,0,0,0,0,1,0,0,0,1,0,0,0,0,0,0,0,0,0,0,1,0,0,1,1,1,4,12
9231,32000042,1,1,0,1,1,0,0,1,1,0,1,0,1,1,0,1,1,0,0,1,0,0,0,0,0,1,0,0,2,2,2,0,0,1,0,0,0,0,0,0,0,0,1,1,2,17
9258,21620219,0,0,0,1,1,1,1,0,0,0,1,1,1,1,1,1,1,0,1,0,0,1,0,1,0,0,2,0,2,0,0,0,1,1,0,0,0,0,1,0,1,1,2,2,3,13
9261,21620219,0,0,0,0,0,0,0,0,0,0,0,0,0,1,0,0,1,0,0,0,0,0,1,0,0,0,0,0,1,0,0,0,0,0,0,0,0,0,0,0,0,1,1,1,4,13
9324,31630501,0,0,0,1,0,0,0,0,0,0,1,0,2,0,0,0,1,0,0,0,0,1,0,0,0,0,0,0,0,0,2,0,0,0,0,0,0,0,0,0,0,0,1,1,4,18
9326,31630501,0,0,0,0,0,0,1,1,0,0,0,0,0,0,1,0,0,0,0,1,0,0,0,0,0,1,0,0,1,0,0,0,1,0,0,0,0,0,1,0,1,1,1,1,3,18
9330,31630501,1,1,0,1,0,0,1,0,0,0,1,0,1,0,1,1,2,0,0,1,0,0,0,0,1,0,1,0,0,0,1,0,1,0,0,0,0,0,1,0,0,0,1,1,2,18
9334,11210518,0,0,0,0,0,0,0,0,1,0,0,0,0,0,0,1,0,0,0,0,0,0,0,0,0,0,0,0,0,0,0,0,0,0,0,0,0,1,1,1,0,0,1,1,4,11
9345,11210518,0,0,0,0,1,0,0,0,0,0,1,0,0,0,0,1,0,1,1,0,0,1,0,1,0,1,1,0,0,0,2,0,2,0,0,0,0,0,0,1,0,2,1,1,4,11
9361,10910230,0,0,0,0,0,0,0,0,1,0,1,1,1,0,1,0,0,0,0,0,0,0,1,0,0,0,0,0,1,0,0,0,0,0,0,0,0,0,0,0,0,0,1,1,4,10
9385,10910230,0,0,0,0,0,0,0,0,0,0,1,0,1,0,1,0,1,0,0,0,9,0,0,0,0,0,0,0,0,0,0,0,0,0,0,0,0,0,0,0,0,1,1,1,4,10
9403,20120454,0,0,0,1,2,0,0,0,0,0,0,0,1,0,0,0,1,0,0,0,0,1,0,0,0,1,0,0,0,0,0,0,0,0,0,0,0,0,2,0,0,1,1,1,3,13
9412,20120454,0,0,0,0,0,0,0,0,0,0,0,0,0,0,0,1,1,0,0,0,0,1,1,1,0,0,1,1,2,1,0,0,0,0,0,0,0,0,0,0,1,0,1,1,4,13
9421,11310521,0,0,1,1,0,2,1,1,0,0,0,0,2,0,1,0,0,0,0,0,0,0,0,0,0,1,0,0,1,0,0,0,0,1,0,0,0,0,0,0,0,0,1,1,4,11
9426,11310521,0,0,0,1,0,1,0,1,0,0,1,0,1,0,1,0,1,0,0,0,1,0,0,0,0,0,0,1,1,1,0,0,0,0,0,0,0,1,0,0,1,3,1,1,2,11
9444,11210519,0,0,1,0,0,1,0,0,0,2,1,0,0,1,1,3,1,1,0,0,0,0,2,1,0,1,1,1,0,1,1,0,0,0,0,0,1,0,1,0,0,2,1,1,3,11
9455,11210519,0,0,0,0,0,0,0,0,0,0,0,0,0,0,0,0,1,0,0,1,0,1,0,0,0,0,1,0,0,0,0,0,0,0,0,0,0,0,1,0,1,1,1,1,4,11
9471,11210519,0,0,0,1,0,0,0,0,0,1,2,0,1,0,0,1,1,0,0,0,0,1,0,1,1,0,0,0,1,1,0,0,0,0,0,0,0,0,1,0,0,0,1,1,3,11
9477,11310804,0,0,0,0,1,2,0,0,0,0,2,0,0,0,0,2,1,0,0,0,2,1,0,2,1,2,1,2,0,3,1,0,3,0,1,1,0,2,1,0,0,0,1,1,3,11
